actual,preds,word
O,O,They
O,O,had
O,O,met
O,O,during
O,O,a
O,O,softball
O,O,game
O,O,for
B-ORG,B-ORG,Senate
O,O,staff
O,O,members
O,O,As
O,O,the
B-ORG,O,Aphex
I-ORG,O,Twin
O,O,track
O,O,'s
O,O,(
O,O,""""
O,O,Afx237
O,O,v
O,O,Using
O,O,his
O,O,great
O,O,physical
O,O,strength
O,O,","
O,O,he
O,O,was
O,O,able
O,O,to
O,O,dominate
O,O,the
O,O,opposition
O,O,in
O,O,a
O,O,career
O,O,that
O,O,spanned
O,O,six
O,O,decades
O,O,(
O,O,including
O,O,one
O,O,game
O,O,with
O,O,the
B-ORG,B-ORG,Detroit
I-ORG,I-ORG,Vipers
O,O,of
O,O,the
B-ORG,O,IHL
O,O,in
O,O,1997
O,O,)
O,O,The
O,O,GMT
O,O,226A
O,O,rig
O,O,was
O,O,used
O,O,at
O,O,the
B-MISC,B-MISC,Woodstock
O,O,concert
O,O,as
O,O,well
O,O,as
O,O,during
O,B-PER,recording
B-ORG,I-PER,Santana
O,O,'s
O,O,debut
O,O,album
O,O,The
O,O,second
O,O,phase
O,O,opened
O,O,for
O,O,regular
O,O,service
O,O,on
O,O,December
O,O,29
O,O,","
O,O,2010
O,O,","
O,O,with
O,O,the
O,O,exception
O,O,of
B-LOC,O,Gongdeok
O,O,station
O,O,","
O,O,which
O,O,was
O,O,planned
O,O,to
O,O,open
O,O,around
O,O,early
O,O,2011
O,O,","
O,O,but
O,O,was
O,O,delayed
O,O,to
O,O,November
O,O,29
O,O,","
O,O,2011
O,O,Because
O,O,of
O,O,the
O,O,nature
O,O,of
B-MISC,B-MISC,Lithuanian
O,O,","
O,O,more
O,O,than
O,O,half
O,O,of
O,O,the
O,O,lines
O,O,of
O,O,the
O,O,poem
O,O,are
O,O,entirely
O,O,spondaic
O,O,save
O,O,for
O,O,the
O,O,mandatory
O,O,dactyl
O,O,in
O,O,the
O,O,fifth
O,O,foot
O,O,1992
O,O,)
O,O,","
B-PER,O,Jinger
O,O,(
O,O,b
O,O,The
O,O,third
O,O,paper
O,O,","
O,O,from
O,O,a
O,O,team
O,O,led
O,O,by
B-PER,B-PER,David
I-PER,I-PER,Merritt
O,O,","
O,O,critically
O,O,examined
O,O,the
O,O,ejection
O,O,hypothesis
O,O,and
O,O,concluded
O,O,that
O,O,it
O,O,could
O,O,not
O,O,be
O,O,correct
B-ORG,B-ORG,Trinity
I-ORG,O,Financial
O,O,was
O,O,elected
O,O,as
O,O,the
O,O,Master
O,O,Developer
O,O,to
O,O,recreate
O,O,this
O,O,district
O,O,with
O,O,a
O,O,vision
O,O,of
O,O,making
O,O,a
O,O,mixed-use
O,O,neighborhood
O,O,He
O,O,was
O,O,buried
O,O,at
B-LOC,B-PER,Kensal
I-LOC,I-LOC,Green
I-LOC,I-LOC,Cemetery
O,O,","
B-LOC,B-LOC,London
O,O,During
B-MISC,B-MISC,World
I-MISC,I-MISC,War
I-MISC,I-MISC,II
O,O,","
O,O,substantial
O,O,development
O,O,occurred
O,O,as
O,O,the
O,O,military
O,O,bases
O,O,and
O,O,industries
O,O,expanded
O,O,","
O,O,increasing
O,O,the
O,O,personnel
O,O,assigned
O,O,there
O,O,On
O,O,9
O,O,June
O,O,2017
O,O,","
O,O,he
O,O,became
O,O,the
O,O,nation
O,O,'s
O,O,most
O,O,capped
O,O,player
O,O,of
O,O,all-time
O,O,when
O,O,he
O,O,made
O,O,his
O,O,131st
O,O,appearance
O,O,in
O,O,a
O,O,5
O,O,–
O,O,0
O,O,win
O,O,over
B-LOC,B-LOC,Luxembourg
O,O,","
O,O,surpassing
O,O,the
O,O,record
O,O,which
O,O,had
O,O,previously
O,O,held
O,O,by
B-PER,B-PER,Edwin
I-PER,I-PER,van
I-PER,I-PER,der
I-PER,O,Sar
O,O,for
O,O,4002
O,O,days
O,O,Set
O,O,in
O,O,a
O,O,brothel
O,O,with
O,O,suggestive
O,O,dialogue
O,O,","
O,O,this
O,O,was
O,O,one
O,O,of
O,O,the
O,O,few
O,O,off-color
O,O,films
O,O,that
B-PER,B-PER,James
I-PER,I-PER,Stewart
O,O,did
O,O,His
O,O,third
O,O,great-grandfather
O,O,","
B-PER,B-PER,David
I-PER,I-PER,Olyphant
O,O,","
O,O,and
O,O,great-great-grandfather
O,O,","
B-PER,B-PER,Robert
I-PER,I-PER,Morrison
I-PER,O,Olyphant
O,O,","
O,O,were
O,O,both
O,O,prominent
O,O,businessmen
O,O,In
O,O,June
O,O,2007
O,O,he
O,O,was
O,O,appointed
O,O,as
O,O,the
B-ORG,B-MISC,FAI
O,I-MISC,'s
O,B-ORG,Regional
O,I-ORG,Development
O,O,officer
O,I-ORG,for
B-LOC,I-ORG,County
I-LOC,I-ORG,Louth
O,O,By
O,O,the
O,O,1930
O,O,s-1950
O,O,s
O,O,","
O,O,the
O,B-ORG,European
O,O,mink
O,O,became
O,O,extinct
O,O,in
B-LOC,B-LOC,Poland
O,O,","
B-LOC,B-LOC,Hungary
O,O,","
B-LOC,B-LOC,Czechoslovakia
O,O,and
O,O,possibly
B-LOC,B-LOC,Bulgaria
O,O,Played
O,O,by
B-PER,O,Judi
I-PER,I-PER,Farr
O,O,He
O,O,made
O,O,his
O,O,professional
O,O,debut
O,O,on
O,O,8
O,O,December
O,O,2001
O,O,against
B-ORG,B-ORG,SC
I-ORG,I-ORG,Bastia
O,O,coming
O,O,on
O,O,as
O,O,a
O,O,substitute
O,O,","
O,O,replacing
B-PER,B-PER,David
I-PER,I-PER,Hamed
O,O,in
O,O,the
O,O,seventy-second
O,O,minute
O,O,of
O,O,the
O,O,game
O,O,The
O,O,latter
O,O,wanted
O,O,to
O,O,institute
O,O,an
O,O,authoritarian
O,O,regime
O,O,favoring
O,O,the
O,O,upper
O,O,class
O,O,and
O,O,favored
O,O,some
O,O,exotic
O,O,policies
O,O,-
O,O,generalizing
O,O,the
O,O,death
O,O,penalty
O,O,or
O,O,opening
O,O,the
O,O,country
O,O,to
O,O,massive
B-MISC,B-MISC,German
O,I-MISC,colonization
O,O,The
B-ORG,B-ORG,University
I-ORG,O,of
I-ORG,B-LOC,Dublin
O,O,is
O,O,the
O,O,oldest
O,O,university
O,O,in
B-LOC,B-LOC,Ireland
O,O,","
O,O,dating
O,O,from
O,O,the
O,O,16th
O,O,century
O,O,","
O,O,and
O,O,is
O,O,located
O,O,in
O,O,the
O,O,city
O,O,centre
O,O,The
O,O,2007
B-MISC,B-MISC,IPCC
O,O,report
O,O,noted
O,O,many
O,O,observed
O,O,changes
O,O,in
O,O,the
O,O,climate
O,O,","
O,O,including
O,O,atmospheric
O,O,composition
O,O,","
O,O,global
O,O,average
O,O,temperatures
O,O,","
O,O,ocean
O,O,conditions
O,O,","
O,O,and
O,O,others
O,O,Recent
O,O,tape
O,O,archives
O,O,show
O,O,that
O,O,the
O,O,band
O,O,recorded
O,O,around
O,O,30
O,O,songs
O,O,in
O,O,its
O,O,first
O,O,nine
O,O,months
O,O,of
O,O,existence
O,O,","
O,O,many
O,O,of
O,O,which
O,O,remained
O,O,unreleased
O,O,for
O,O,decades
O,O,","
O,O,including
O,O,an
O,O,interpretation
O,O,of
B-PER,B-PER,Henry
I-PER,I-PER,Glover
O,O,'s
O,O,""""
B-MISC,O,Drown
I-MISC,I-MISC,in
I-MISC,I-MISC,My
I-MISC,I-MISC,Own
I-MISC,I-MISC,Tears
O,O,""""
O,O,In
O,O,1994
O,O,","
O,O,he
O,O,both
O,O,appeared
O,O,in
O,O,and
O,O,directed
O,O,the
O,O,film
O,O,version
O,O,of
O,O,his
O,O,verse
O,O,play
O,O,""""
B-MISC,O,Decadence
O,O,""""
O,O,The
O,O,father
O,O,is
O,O,an
O,O,incorrigible
O,O,womanizer
O,O,and
O,O,immediately
O,O,follows
O,O,the
O,O,girl
O,O,to
O,O,another
O,O,park
O,O,bench
O,O,while
O,O,his
O,O,wife
O,O,(
B-PER,O,Marta
I-PER,B-ORG,Golden
O,O,)
O,O,and
O,O,adult
O,O,daughter
O,O,(
B-PER,O,Edna
I-PER,O,Purviance
O,O,)
O,O,remain
O,O,asleep
O,O,The
O,O,song
O,O,was
O,O,also
O,O,featured
O,O,in
O,O,the
O,O,video
O,O,game
B-MISC,O,Just
I-MISC,I-MISC,Dance
I-MISC,O,2017
O,O,as
O,O,duet
O,O,between
O,O,two
O,O,dancers
O,O,","
O,O,one
O,O,of
O,O,whom
O,O,is
O,O,dressed
O,O,as
B-MISC,B-LOC,Santa
I-MISC,I-LOC,Claus
O,O,The
O,O,exposure
O,O,provided
O,O,by
O,O,these
O,O,adaptations
O,O,during
O,O,the
O,O,1940
O,O,s
O,O,""""
O,O,helped
O,O,make
O,O,[
B-PER,B-MISC,Batman
O,O,]
O,O,a
O,O,household
O,O,name
O,O,for
O,O,millions
O,O,who
O,O,never
O,O,bought
O,O,a
O,O,comic
O,O,book
O,O,""""
O,O,He
O,O,blamed
O,O,the
O,O,hot
O,O,weather
O,O,and
O,O,long
O,O,travel
O,O,to
O,O,go
O,O,to
B-LOC,O,Jayapura
O,O,as
O,O,one
O,O,of
O,O,the
O,O,factors
O,O,why
O,O,his
O,O,team
O,O,could
O,O,not
O,O,progress
O,O,further
O,O,Among
O,O,the
O,O,passengers
O,O,was
B-PER,B-PER,Winston
I-PER,I-PER,Churchill
O,O,","
O,O,then
O,O,a
O,O,war
O,O,correspondent
O,O,accompanying
O,O,the
O,O,detachment
O,O,","
O,O,who
O,O,helped
O,O,load
O,O,the
O,O,train
O,O,engine
O,O,with
O,O,wounded
O,O,before
O,O,it
O,O,made
O,O,an
O,O,escape
O,O,attempt
O,O,","
O,O,pushing
O,O,through
O,O,the
O,O,de-railed
O,O,section
O,O,that
O,O,blocked
O,O,its
O,O,path
O,O,and
O,O,making
O,O,it
O,O,through
O,O,safely
O,O,The
O,O,other
O,O,widely
O,O,used
O,O,primitive
O,O,for
O,O,obtaining
O,O,long-period
O,O,pseudorandom
O,O,sequences
O,O,is
O,O,the
O,O,linear
O,O,feedback
O,O,shift
O,O,register
O,O,construction
O,O,","
O,O,which
O,O,is
O,O,based
O,O,on
O,O,arithmetic
O,O,in
O,O,GF
O,O,(
O,O,2
O,O,)
O,O,[
O,O,""""
O,O,x
O,O,""""
O,O,]
O,O,","
O,O,the
O,O,polynomial
O,O,ring
O,O,over
B-MISC,O,GF
O,O,(
O,O,2
O,O,)
O,O,The
O,O,sponsor
O,O,was
B-ORG,O,General
I-ORG,O,Mills
O,O,","
O,O,with
O,O,its
O,O,breakfast-cereal
O,O,products
O,O,:
B-MISC,O,Cheerios
O,O,","
B-MISC,O,Wheaties
O,O,","
O,O,and
B-MISC,O,Kix
O,O,The
O,O,artwork
O,O,was
O,O,provided
O,O,by
B-PER,B-PER,Henry
I-PER,I-PER,Scarpelli
B-PER,B-PER,Madonna
O,O,'s
O,O,main
O,O,inspiration
O,O,behind
O,O,the
O,O,video
O,O,was
O,O,the
O,O,work
O,O,of
O,O,artist
B-PER,B-PER,Eric
I-PER,I-PER,Stanton
O,O,who
O,O,did
B-ORG,O,S&M
O,O,inspired
O,O,drawings
O,O,Numismatic
O,O,historian
B-PER,B-PER,Don
I-PER,I-PER,Taxay
O,O,deemed
O,O,the
O,O,half-dollar
O,O,""""
O,O,one
O,O,of
O,O,the
O,O,most
O,O,successful
O,O,portrait
O,O,coins
O,O,in
O,O,the
O,O,commemorative
O,O,series
O,O,He
O,O,contributed
O,O,34
O,O,runs
O,O,with
O,O,the
O,O,bat
O,O,in
B-LOC,B-LOC,England
O,O,'s
O,O,first
O,O,innings
O,O,","
O,O,but
O,O,then
O,O,went
O,O,for
O,O,108
O,O,runs
O,O,over
O,O,24
O,O,overs
O,O,","
O,O,albeit
O,O,with
O,O,two
O,O,wickets
O,O,","
O,O,in
O,O,a
O,O,high-scoring
B-LOC,B-LOC,Pakistan
O,O,first
O,O,innings
O,O,His
O,O,album
O,O,""""
B-MISC,B-MISC,The
I-MISC,I-MISC,Park
I-MISC,I-MISC,Avenue
I-MISC,I-MISC,Sobriety
I-MISC,I-MISC,Test
O,O,""""
O,O,was
O,O,released
O,O,in
O,O,March
O,O,2015
O,O,The
O,O,particular
O,O,API
O,O,or
O,O,language
O,O,chosen
O,O,will
O,O,need
O,O,to
O,O,be
O,O,supported
O,O,by
B-MISC,O,DBMS
O,O,","
O,O,possible
O,O,indirectly
O,O,via
O,O,a
O,O,pre-processor
O,O,or
O,O,a
O,O,bridging
O,I-PER,API
O,O,388
O,O,in
O,O,1977
O,O,","
O,O,led
B-ORG,B-ORG,Major
I-ORG,I-ORG,League
I-ORG,I-ORG,Baseball
O,O,One
O,O,of
O,O,the
O,O,biggest
O,O,barrier
O,O,islands
O,O,in
O,O,the
O,O,world
O,O,","
B-LOC,B-LOC,Cape
I-LOC,I-LOC,Cod
O,O,shields
O,O,much
O,O,of
O,O,the
B-LOC,B-LOC,Massachusetts
O,O,coastline
O,O,from
B-LOC,B-LOC,North
I-LOC,I-LOC,Atlantic
O,O,storm
O,O,waves
O,O,These
O,O,RFCs
O,O,have
O,O,an
O,O,official
O,O,status
O,O,of
B-MISC,O,Unknown
O,O,","
O,O,but
O,O,due
O,O,to
O,O,their
O,O,age
O,O,are
O,O,not
O,O,clearly
O,O,labeled
O,O,as
O,O,such
O,O,Therefore
O,O,","
O,O,in
O,O,1927
O,O,-
O,O,1929
O,O,two
O,O,canals
O,O,were
O,O,dug
O,O,around
B-LOC,O,Helmond
O,O,","
O,O,and
O,O,connected
O,O,to
O,O,the
B-LOC,O,Zuid-Willemsvaart
O,O,","
O,O,so
O,O,the
O,O,water
O,O,situation
O,O,in
O,O,the
B-LOC,O,Peel
O,O,could
O,O,be
O,O,improved
O,O,Also
O,O,the
O,O,island
O,O,of
B-LOC,B-LOC,Sardinia
O,O,is
O,O,home
O,O,to
O,O,a
O,O,notable
O,O,nationalist
O,O,movement
O,O,Although
O,O,most
O,O,actors
O,O,are
O,O,good
O,O,dancers
O,O,","
O,O,few
O,O,are
O,O,also
O,O,singers
O,O,;
O,O,a
O,O,notable
O,O,exception
O,O,was
B-PER,B-PER,Kishore
I-PER,I-PER,Kumar
O,O,","
O,O,who
O,O,starred
O,O,in
O,O,several
O,O,major
O,O,films
O,O,during
O,O,the
O,O,1950
O,O,s
O,O,while
O,O,having
O,O,a
O,O,rewarding
O,O,career
O,O,as
O,O,a
O,O,playback
O,O,singer
O,O,In
B-PER,B-MISC,Batman
O,O,'s
O,O,first
O,O,appearance
O,O,in
O,O,""""
B-MISC,B-ORG,Detective
I-MISC,I-ORG,Comics
O,O,""""
O,O,#
O,O,27
O,O,","
O,O,he
O,O,is
O,O,already
O,O,operating
O,O,as
O,O,a
O,O,crime-fighter
O,O,Roads
O,O,have
O,O,recently
O,O,been
O,O,reconstructed
O,O,using
B-ORG,B-ORG,European
I-ORG,I-ORG,Union
O,O,funding
O,O,The
O,O,people
O,O,of
B-LOC,O,Dumnonia
O,O,spoke
O,O,a
B-MISC,O,Southwestern
B-MISC,B-MISC,Brythonic
O,O,dialect
O,O,similar
O,O,to
O,O,the
O,O,forerunner
O,O,of
O,O,more
O,O,recent
B-MISC,O,Cornish
O,O,and
B-MISC,B-MISC,Breton
O,O,In
O,O,1965
O,O,and
O,O,then
O,O,in
O,O,1968
O,O,","
O,O,she
O,O,made
O,O,two
O,O,albums
O,O,","
O,O,one
O,O,jazz
O,O,and
O,O,one
O,O,avant-pop
O,O,","
O,O,as
O,O,well
O,O,as
O,O,two
O,O,45
O,O,s
O,O,with
B-PER,B-PER,Jacques
I-PER,I-PER,Higelin
O,O,He
O,O,then
O,O,erected
O,O,a
O,O,memorial
O,O,stone
O,O,""""
O,O,under
O,O,the
O,O,oak
O,O,that
O,O,was
O,O,by
O,O,the
O,O,sanctuary
O,O,of
O,O,the
O,O,Lord
O,O,""""
O,O,in
B-LOC,O,Shechem
O,O,(
B-MISC,B-MISC,Joshua
O,O,24
O,O,:
O,O,1
O,O,-
O,O,27
O,O,)
B-LOC,B-LOC,Argentina
O,O,advanced
O,O,to
O,O,the
O,O,quarter-final
O,O,with
O,O,four
O,O,wins
O,O,","
O,O,placing
O,O,behind
B-LOC,O,Lithuania
O,O,in
O,O,the
O,O,group
O,O,stage
O,O,","
O,O,after
O,O,defeating
B-LOC,B-LOC,Russia
O,O,He
O,O,returned
O,O,to
O,O,the
O,O,action
O,O,on
O,O,5
O,O,March
O,O,","
O,O,after
O,O,missing
O,O,12
O,O,games
O,O,with
O,O,the
O,O,injury
O,O,","
O,O,scoring
O,O,22
O,O,points
O,O,in
O,O,15
O,O,minutes
O,O,against
O,O,the
B-ORG,B-ORG,Sacramento
I-ORG,I-ORG,Kings
O,O,The
O,O,solution
O,O,to
O,O,the
O,O,deterioration
O,O,was
O,O,to
O,O,replace
O,O,the
O,O,slates
O,O,using
B-MISC,B-MISC,Welsh
O,I-MISC,slates
O,O,The
O,O,pope
O,O,'s
O,O,chief
O,O,bodyguard
O,O,is
O,O,the
O,B-MISC,Inspector
O,O,General
O,O,of
O,I-ORG,the
B-ORG,I-ORG,Corps
I-ORG,I-ORG,of
I-ORG,O,Gendarmerie
I-ORG,O,of
I-ORG,B-LOC,Vatican
I-ORG,I-LOC,City
O,O,He
O,O,thereafter
O,O,resided
O,O,in
B-LOC,B-LOC,New
I-LOC,I-LOC,Orleans
O,O,until
O,O,his
O,O,death
O,O,in
O,O,2012
O,O,following
O,O,a
O,O,long
O,O,battle
O,O,with
O,O,cancer
O,O,He
O,O,does
O,O,not
O,O,support
O,O,unbridled
O,O,capitalism
O,O,or
B-PER,B-PER,Marxism
O,O,It
O,O,could
O,O,be
O,O,from
O,O,the
O,O,head
O,O,wound
O,O,seen
O,O,in
O,O,the
B-MISC,O,Zapruder
O,O,film
O,O,","
O,O,but
O,O,then
O,O,it
O,O,might
O,O,not
O,O,be
O,O,They
O,O,also
O,O,appear
O,O,in
O,O,some
O,O,worldwide
O,O,company
O,O,names
O,O,and
O,O,/
O,O,or
O,O,trademarks
O,O,such
O,O,as
B-ORG,O,Nestlé
O,O,or
B-ORG,B-MISC,Citroën
O,O,Television
O,O,was
O,O,the
O,O,primary
O,O,source
O,O,that
O,O,kept
O,O,people
O,O,informed
O,O,of
O,O,the
O,O,events
O,O,that
O,B-PER,surrounded
B-PER,I-PER,Kennedy
O,O,'s
O,O,assassination
O,O,The
B-MISC,B-MISC,Jewish
O,O,day
O,O,begins
O,O,at
O,O,either
O,O,sunset
O,O,or
O,O,nightfall
O,O,(
O,O,when
O,O,three
O,O,second-magnitude
O,O,stars
O,O,appear
O,O,)
O,O,He
O,O,made
O,O,his
O,B-ORG,League
O,O,debut
O,O,","
O,O,playing
O,O,as
O,O,an
O,O,inside–forward
O,O,on
O,O,20
O,O,October
O,O,1888
O,O,at
B-LOC,B-LOC,Victoria
I-LOC,I-LOC,Ground
O,O,the
O,O,then
O,O,home
O,O,of
B-ORG,O,Stoke
O,O,Based
O,O,on
O,O,the
O,O,Depression-era
O,O,bildungsroman
O,O,memoir
O,O,of
O,O,writer
B-PER,B-PER,A.
I-PER,I-PER,E.
I-PER,I-PER,Hotchner
O,O,","
O,O,the
O,O,film
O,O,follows
O,O,the
O,O,story
O,O,of
O,O,a
O,O,boy
O,O,struggling
O,O,to
O,O,survive
O,O,on
O,O,his
O,O,own
O,O,in
O,O,a
O,O,hotel
O,O,in
B-LOC,B-ORG,St.
I-LOC,I-ORG,Louis
O,O,after
O,O,his
O,O,mother
O,O,enters
O,O,a
O,O,sanatorium
O,O,with
O,O,tuberculosis
O,O,and
O,O,his
O,O,younger
O,O,brother
O,O,is
O,O,sent
O,O,to
O,O,live
O,O,with
O,O,an
O,O,uncle
O,O,Born
O,O,in
B-LOC,O,Beverwijk
O,O,","
B-LOC,B-LOC,North
I-LOC,I-LOC,Holland
O,O,It
O,O,is
O,O,named
O,O,to
O,O,evoke
B-MISC,O,The
I-MISC,O,Hitchhiker
I-MISC,O,'s
I-MISC,O,Guide
I-MISC,O,to
I-MISC,O,the
I-MISC,O,Galaxy
O,O,and
O,O,is
O,O,the
O,O,official
O,O,podcast
O,O,of
O,O,the
B-ORG,B-LOC,New
I-ORG,I-LOC,England
I-ORG,I-ORG,Skeptical
I-ORG,I-ORG,Society
O,O,In
O,O,addition
O,O,to
O,O,this
O,O,","
O,O,the
O,O,stadium
O,O,has
O,O,also
O,O,hosted
B-MISC,O,Supercross
O,O,events
O,O,The
O,O,human
O,O,perception
O,O,of
O,O,the
O,O,intensity
O,O,of
O,O,sound
O,O,and
O,O,light
O,O,more
O,O,nearly
O,O,approximates
O,O,the
O,O,logarithm
O,O,of
O,O,intensity
O,O,rather
O,O,than
O,O,a
O,O,linear
O,O,relationship
O,O,(
O,O,see
B-PER,O,Weber–Fechner
O,O,law
O,O,)
O,O,","
O,O,making
O,O,the
O,O,dB
O,O,scale
O,O,a
O,O,useful
O,O,measure
O,O,His
O,O,2009
O,O,book
O,O,""""
B-MISC,O,Meltdown
O,O,""""
O,O,also
O,O,made
O,O,the
O,O,bestseller
O,O,list
O,O,in
O,O,2009
O,O,In
O,O,1929
O,O,and
O,O,1930
O,O,","
O,O,he
O,O,was
O,O,romantically
O,O,involved
O,O,with
B-PER,B-PER,Nell
I-PER,I-PER,Martin
O,O,","
O,O,a
O,O,writer
O,O,of
O,O,short
O,O,stories
O,O,and
O,O,several
O,O,novels
O,O,TXT
O,O,that
O,O,mapped
O,O,host
O,O,names
O,O,to
O,O,the
O,O,numerical
O,O,addresses
O,O,of
O,O,computers
O,O,on
O,O,the
B-MISC,O,ARPANET
O,O,There
O,O,has
O,O,been
O,O,an
O,O,increase
O,O,in
O,O,the
O,O,mountain
O,O,lion
O,O,population
O,O,in
O,O,the
B-LOC,B-LOC,San
I-LOC,I-LOC,Francisco
I-LOC,I-LOC,Bay
I-LOC,I-LOC,Area
O,O,In
O,O,2009
O,O,","
O,O,he
O,O,returned
O,O,once
O,O,again
O,O,to
B-ORG,O,Sporting
I-ORG,I-PER,Cristal
O,O,He
O,O,also
O,O,has
B-MISC,B-MISC,Italian
O,I-MISC,and
B-MISC,I-MISC,Polish
O,I-MISC,citizenships
O,O,Its
O,O,native
O,O,range
O,O,has
O,O,expanded
O,O,over
O,O,the
O,O,last
O,O,several
O,O,decades
O,O,into
O,O,the
O,O,(
B-LOC,B-LOC,Edwards
I-LOC,I-LOC,Plateau
O,O,and
B-LOC,B-LOC,Central
I-LOC,B-LOC,Texas
O,O,)
O,O,The
O,O,1924
O,O,orchestration
O,O,was
O,O,developed
O,O,for
O,O,solo
O,O,piano
O,O,and
B-PER,O,Whiteman
O,O,'s
O,O,band
O,O,","
O,O,which
O,O,consists
O,O,of
O,O,three
O,O,woodwind
O,O,players
O,O,doubling
O,O,one
O,O,oboe
O,O,","
O,O,one
O,O,heckelphone
O,O,","
O,O,one
O,O,clarinet
O,O,","
O,O,one
O,O,sopranino
O,O,saxophone
O,O,in
O,O,E
O,O,","
O,O,two
O,O,soprano
O,O,saxophones
O,O,in
O,O,B
O,O,","
O,O,two
O,O,alto
O,O,saxophones
O,O,in
B-LOC,O,E
O,O,","
O,O,one
O,O,tenor
O,O,saxophone
O,O,in
O,O,B
O,O,","
O,O,one
O,O,baritone
O,O,saxophone
O,O,in
B-LOC,O,E
O,O,;
O,O,two
O,O,trumpets
O,O,in
O,O,B
O,O,","
O,O,two
O,B-MISC,French
O,O,horns
O,O,in
B-LOC,O,F
O,O,","
O,O,two
O,O,trombones
O,O,","
O,O,and
O,O,one
O,O,tuba
O,O,(
O,O,doubling
O,O,on
O,O,double
O,O,bass
O,O,)
O,O,;
O,O,a
O,O,percussion
O,O,section
O,O,that
O,O,includes
O,O,a
O,O,drum
O,O,set
O,O,","
O,O,timpani
O,O,","
O,O,and
O,O,a
O,O,glockenspiel
O,O,;
O,O,one
O,O,piano
O,O,;
O,O,one
O,O,tenor
O,O,banjo
O,O,;
O,O,and
O,O,violins
O,O,In
O,O,turn
O,O,","
O,O,the
O,O,Count
O,O,of
B-PER,B-MISC,Habsburg
O,O,had
O,O,invaded
O,O,his
O,O,domains
O,O,","
O,O,yet
O,O,failed
O,O,to
O,O,take
O,O,his
O,O,seat
O,O,of
O,O,power
O,B-LOC,South
O,O,of
B-LOC,O,Alamosa
O,O,it
O,O,is
O,O,joined
O,O,by
O,O,several
O,O,streams
O,O,from
O,O,the
O,O,west
O,O,including
O,O,the
B-LOC,B-LOC,Alamosa
I-LOC,I-LOC,River
O,O,and
O,O,the
B-LOC,B-LOC,Conejos
I-LOC,I-LOC,River
O,O,and
B-LOC,I-LOC,Culebra
I-LOC,I-LOC,Creek
O,O,from
O,O,the
O,O,east
O,O,His
O,O,final
O,O,cap
O,O,was
O,O,on
O,O,30
O,O,April
O,O,2003
O,O,","
O,O,a
O,O,1
O,O,–
O,O,1
O,O,home
O,O,draw
O,O,with
B-LOC,B-LOC,Portugal
O,O,in
O,O,another
O,O,friendly
O,O,The
O,O,2003
O,O,MVP
O,O,awardee
O,O,was
O,O,part
O,O,of
O,O,the
I-MISC,B-LOC,South
I-MISC,O,team
I-MISC,O,’s
I-MISC,O,First
I-MISC,O,5
O,O,alongside
B-PER,B-PER,Kelly
I-PER,I-PER,Williams
O,O,","
B-PER,B-PER,Eric
I-PER,I-PER,Menk
O,O,","
B-PER,O,Cyrus
I-PER,O,Baguio
O,O,","
O,O,and
B-PER,B-PER,James
I-PER,I-PER,Yap
O,O,Neighboring
O,O,vineyards
O,O,include
B-LOC,B-PER,Sterling
I-LOC,I-PER,Vineyards
O,O,The
O,O,""""
B-MISC,B-LOC,Marietta
I-MISC,I-MISC,Daily
I-MISC,I-MISC,Journal
O,O,""""
O,O,is
O,O,published
O,O,in
O,O,the
O,O,city
O,O,""""
O,O,Initially
O,O,small
O,O,excerpts
O,O,of
O,O,the
O,O,book
O,O,were
O,O,released
O,O,by
O,O,the
O,O,authors
O,O,in
O,O,the
O,O,issue
O,O,of
O,O,""""
B-MISC,B-MISC,Sports
I-MISC,I-MISC,Illustrated
O,O,""""
O,O,The
O,O,report
O,O,detailed
O,O,the
O,O,events
O,O,of
O,O,9
O,O,/
O,O,11
O,O,","
O,O,found
O,O,the
O,O,attacks
O,O,were
O,O,carried
O,O,out
O,O,by
O,O,members
O,O,of
B-ORG,B-ORG,al-Qaeda
O,O,","
O,O,and
O,O,examined
O,O,how
O,O,security
O,O,and
O,O,intelligence
O,O,agencies
O,O,were
O,O,inadequately
O,O,coordinated
O,O,to
O,O,prevent
O,O,the
O,O,attacks
O,O,Her
O,O,actions
O,O,were
O,O,applauded
O,O,by
O,O,some
O,O,public
O,O,commentators
O,O,(
O,O,e.g.
O,O,Indigenous
O,O,elder
B-PER,B-PER,Shane
I-PER,I-PER,Howard
O,O,and
O,O,musician
B-MISC,O,Goanna
O,O,of
B-PER,B-PER,Tony
I-PER,I-PER,Abbott
O,O,)
O,O,and
O,O,criticised
O,O,by
O,O,others
O,O,(
O,O,e.g.
O,O,politicians
B-PER,B-PER,Pauline
I-PER,I-PER,Hanson
O,O,and
B-ORG,B-MISC,National
I-ORG,I-ORG,Rugby
I-ORG,I-ORG,League
O,O,)
O,O,Several
O,O,deaths
O,O,reported
O,O,as
O,O,MDMA-induced
O,O,in
B-LOC,B-LOC,Australia
O,O,in
O,O,the
O,O,mid-1990
O,O,s
O,O,are
O,O,now
O,O,considered
O,O,to
O,O,have
O,O,been
O,O,caused
O,O,by
O,O,PMA
O,O,","
O,O,the
O,O,users
O,O,unaware
O,O,that
O,O,they
O,O,were
O,O,ingesting
O,O,PMA
O,O,and
O,O,not
O,O,MDMA
O,O,as
O,O,they
O,O,had
O,O,intended
O,O,During
O,O,the
O,O,playoffs
O,O,","
O,O,head
O,O,coach
B-PER,B-PER,Roger
I-PER,I-PER,Neilson
O,O,employed
O,O,a
O,O,rotation
O,O,system
O,O,between
O,O,the
O,O,two
O,O,goaltenders
O,O,The
O,O,orangery
O,O,was
O,O,replaced
O,O,with
O,O,a
O,O,large
O,O,conservatory
O,O,designed
O,O,by
B-PER,B-PER,Joseph
I-PER,I-PER,Paxton
O,O,","
O,O,and
O,O,this
O,O,led
O,O,directly
O,O,to
O,O,the
O,O,family
O,O,pew
O,O,in
O,O,the
O,O,chapel
B-PER,B-PER,Joan
I-PER,I-PER,Crawford
O,O,was
O,O,a
O,O,favorite
O,O,actress
O,O,of
O,O,his
O,O,to
O,O,work
O,O,with
O,O,","
O,O,He
O,O,experienced
O,O,a
O,O,critical
O,O,revival
O,O,with
O,O,""""
B-MISC,O,The
I-MISC,O,Hucksters
O,O,""""
O,O,(
O,O,1947
O,O,)
O,O,","
O,O,""""
B-MISC,O,Homecoming
O,O,""""
O,O,(
O,O,1948
O,O,)
O,O,and
O,O,""""
B-MISC,O,Mogambo
O,O,""""
O,O,(
O,O,1953
O,O,)
O,O,","
O,O,which
O,O,also
O,O,featured
O,O,newcomer
B-PER,B-PER,Grace
I-PER,I-PER,Kelly
O,O,The
O,O,replay
O,O,was
O,O,held
O,O,at
B-LOC,B-LOC,Maine
I-LOC,I-LOC,Road
O,O,","
O,O,and
B-ORG,B-LOC,Liverpool
O,O,won
O,O,the
O,O,tie
O,O,1
O,O,–
O,O,0
O,O,with
O,O,a
B-PER,B-PER,Graeme
I-PER,I-PER,Souness
O,O,goal
O,O,His
O,O,breakthrough
O,O,album
O,O,""""
B-MISC,B-MISC,Calypso
O,O,""""
O,O,(
O,O,1956
O,O,)
O,O,was
O,O,the
O,O,first
O,O,million-selling
O,O,LP
O,O,by
O,O,a
O,O,single
O,O,artist
O,O,He
O,O,continued
O,O,to
O,O,be
O,O,honoured
O,O,by
O,O,","
O,O,among
O,O,others
O,O,","
O,O,the
B-ORG,B-ORG,Gaelic
I-ORG,I-ORG,Athletic
I-ORG,I-ORG,Association
O,O,and
O,O,various
O,O,other
O,O,organisations
O,O,The
O,O,city
O,O,acquired
O,O,the
O,O,estate
O,O,of
O,O,abstract
O,O,expressionist
O,O,painter
B-PER,O,Clyfford
I-PER,O,Still
O,O,in
O,O,2004
O,O,and
O,O,built
O,O,a
O,O,museum
O,O,to
O,O,exhibit
O,O,his
O,O,works
O,O,near
O,O,the
B-LOC,B-LOC,Denver
I-LOC,I-LOC,Art
I-LOC,I-LOC,Museum
O,O,The
O,O,first
O,O,transport
O,O,of
B-MISC,B-MISC,German
B-MISC,B-MISC,Roma
O,O,arrived
O,O,on
O,O,26
O,O,February
O,O,that
O,O,year
O,O,It
O,O,follows
B-MISC,O,Inuyasha
O,O,and
O,O,his
O,O,friends
O,O,protecting
O,O,a
O,O,group
O,O,of
O,O,half-demon
O,O,children
O,O,from
O,O,four
O,O,evil
O,O,demons
O,O,on
O,O,an
O,O,ancient
O,O,sacred
O,O,island
O,B-MISC,British
O,O,print
O,O,and
O,O,illustrated
O,O,newspapers
O,O,regularly
O,O,covered
O,O,the
O,O,massacres
O,O,","
O,O,with
O,O,the
O,O,popular
O,O,weekly
O,O,""""
B-MISC,O,Punch
O,O,""""
O,O,publishing
O,O,dozens
O,O,of
O,O,cartoons
O,O,depicting
O,O,the
O,O,carnage
O,O,A
B-PER,O,Gröbner
O,O,basis
O,O,is
O,O,a
O,O,system
O,O,of
O,O,generators
O,O,of
O,O,a
O,O,polynomial
O,O,ideal
O,O,whose
O,O,computation
O,O,allows
O,O,the
O,O,deduction
O,O,of
O,O,many
O,O,properties
O,O,of
O,O,the
O,O,affine
O,O,algebraic
O,O,variety
O,O,defined
O,O,by
O,O,the
O,O,ideal
O,O,The
B-ORG,B-LOC,Maryland
I-ORG,I-LOC,State
I-ORG,I-LOC,Highway
I-ORG,O,Administration
O,O,started
O,O,studies
O,O,of
O,O,improvements
O,O,to
O,O,the
B-LOC,O,Capital
I-LOC,O,Beltway
O,O,in
O,O,1993
O,O,","
O,O,and
O,O,have
O,O,continued
O,O,","
O,O,off
O,O,and
O,O,on
O,O,","
O,O,examining
O,O,a
O,O,number
O,O,of
O,O,alternatives
O,O,(
O,O,including
O,O,HOV
O,O,lanes
O,O,and
O,O,high-occupancy
O,O,toll
O,O,lanes
O,O,)
O,O,since
O,O,then
O,O,Science-fiction
O,O,being
O,O,rare
O,O,in
B-LOC,B-LOC,Quebec
O,O,fiction
O,O,","
O,O,the
O,O,main
O,O,networks
O,O,ultimately
O,O,did
O,O,not
O,O,accept
O,O,to
O,O,risk
O,O,broadcasting
O,O,the
O,O,show
O,O,Premixed
O,O,bottled
O,O,gas
O,O,for
O,O,creamy
O,O,beers
O,O,is
O,O,usually
O,O,75
O,O,%
O,O,nitrogen
O,O,and
O,O,25
O,O,%
O,O,CO.
O,O,This
O,O,premixed
O,O,gas
O,O,which
O,O,only
O,O,works
O,O,well
O,O,with
O,O,creamy
O,O,beers
O,O,is
O,O,often
O,O,referred
O,O,to
O,O,as
I-MISC,B-ORG,Guinness
I-MISC,I-ORG,Gas
O,O,","
I-MISC,B-ORG,Beer
I-MISC,I-ORG,Gas
O,O,","
O,O,or
I-MISC,O,Aligal
O,O,(
O,O,an
B-ORG,O,Air
I-ORG,O,Liquide
O,O,brand
O,O,name
O,O,)
B-PER,O,Kennedy
O,O,did
O,O,not
O,O,execute
O,O,the
O,O,order
O,O,The
O,O,series
O,O,started
O,O,on
O,O,30
O,O,January
O,O,1980
O,O,and
O,O,was
O,O,a
O,O,spin-off
O,O,from
O,O,a
O,O,sketch
O,O,on
O,O,comedy
O,O,program
O,O,""""
B-MISC,O,The
I-MISC,O,Naked
I-MISC,I-MISC,Vicar
I-MISC,I-MISC,Show
O,O,""""
O,O,that
O,O,had
O,O,featured
B-PER,B-PER,Ross
I-PER,I-PER,Higgins
O,O,as
O,O,a
O,O,blustering
O,O,suburban
O,O,father
O,O,Across
O,O,the
O,O,river
O,O,on
O,O,its
O,O,eastern
O,O,shore
O,O,borders
O,O,on
O,O,the
O,O,towns
O,O,of
B-LOC,O,Fishkill
O,O,and
B-LOC,O,Philipstown
O,O,in
B-LOC,O,Dutchess
O,O,and
B-LOC,O,Putnam
O,O,counties
O,O,respectively
B-PER,O,Leopold
O,O,continued
O,O,to
O,O,care
O,O,for
O,O,his
O,O,grandson
O,O,","
O,O,taking
O,O,delight
O,O,in
O,O,his
O,O,progress
O,O,(
O,O,toilet
O,O,training
O,O,","
O,O,speech
O,O,","
O,O,and
O,O,so
O,O,on
O,O,)
O,O,","
O,O,and
O,O,commencing
O,O,with
O,O,the
O,O,very
O,O,beginnings
O,O,of
O,O,musical
O,O,training
O,O,Construction
O,O,officially
O,O,started
O,O,on
O,O,the
O,O,theatre
O,O,on
O,O,18
O,O,June
O,O,2019
O,O,with
O,O,a
O,O,ground-breaking
O,O,ceremony
O,O,officiated
O,O,by
O,O,Minister
O,O,of
O,B-ORG,Culture
O,I-ORG,","
O,I-ORG,Community
O,I-ORG,and
O,I-ORG,Youth
B-PER,I-ORG,Grace
I-PER,I-ORG,Fu
O,O,""""
O,O,""""
I-MISC,I-MISC,Advance
I-MISC,I-MISC,Australia
I-MISC,I-MISC,Fair
O,O,""""
O,O,""""
O,O,is
O,O,the
O,O,national
O,O,anthem
O,O,of
B-LOC,B-LOC,Australia
O,O,Law
O,O,professor
B-PER,B-PER,Eugene
I-PER,I-PER,Volokh
O,O,described
O,O,the
O,O,case
O,O,as
O,O,""""
O,O,patently
O,O,frivolous
O,O,""""
O,O,For
O,O,the
O,O,third
O,O,season
O,O,","
O,O,each
O,O,episode
O,O,'s
O,O,conclusion
O,O,was
O,O,immediately
O,O,followed
O,O,by
O,O,a
O,O,vocal
O,O,""""
O,O,teaser
O,O,""""
O,O,from
O,O,the
B-MISC,O,Robot
O,O,(
B-PER,B-PER,Dick
I-PER,I-PER,Tufeld
O,O,)
O,O,","
O,O,warning
O,O,viewers
O,O,to
O,O,""""
O,O,Stay
O,O,tuned
O,O,for
O,O,scenes
O,O,from
O,O,next
O,O,week
O,O,'s
O,O,exciting
O,I-MISC,adventure
O,I-MISC,!
O,O,""""
O,O,Typically
O,O,in
O,O,the
B-LOC,B-LOC,United
I-LOC,I-LOC,States
O,O,","
O,O,a
O,O,ski
O,O,season
O,O,lasts
O,O,from
O,O,late
O,O,November
O,O,to
O,O,early
O,O,April
O,O,","
O,O,however
O,O,larger
O,O,resorts
O,O,in
B-LOC,B-LOC,Colorado
O,O,and
B-LOC,B-LOC,California
O,O,are
O,O,known
O,O,to
O,O,spin
O,O,the
O,O,lifts
O,O,as
O,O,late
O,O,as
O,O,the
O,O,4th
O,O,of
O,O,July
O,O,On
O,O,10
O,O,September
O,O,2001
O,O,","
O,O,a
O,O,suicide
O,O,bomber
O,O,killed
O,O,himself
O,O,and
O,O,three
O,O,other
O,O,people
O,O,in
B-LOC,B-LOC,Istanbul
B-LOC,B-LOC,Arizona
O,O,","
O,O,for
O,O,example
O,O,","
O,O,was
O,O,dissatisfied
O,O,with
O,O,the
O,O,lower
O,O,basin
O,O,allotment
O,B-MISC,Music
O,O,written
O,O,using
O,O,the
O,O,modes
O,O,avoids
O,O,conventional
O,O,diatonic
O,O,harmonic
O,O,progressions
O,O,","
O,O,since
O,O,for
O,O,example
B-PER,O,Messiaen
O,I-ORG,'s
I-MISC,I-ORG,Mode
I-MISC,O,2
O,O,(
O,O,identical
O,O,to
O,O,the
O,O,""""
O,O,octatonic
O,O,scale
O,O,""""
O,O,used
O,O,also
O,O,by
O,O,other
O,O,composers
O,O,)
O,O,permits
O,O,precisely
O,O,the
O,O,dominant
O,O,seventh
O,O,chords
O,O,whose
O,O,tonic
O,O,the
O,O,mode
O,O,does
O,O,not
O,O,contain
O,O,He
O,O,opposed
O,O,Darwinism
O,O,on
O,O,religious
O,O,and
O,O,humanitarian
O,O,grounds
O,O,","
O,O,most
O,O,famously
O,O,in
O,O,the
O,O,1925
B-MISC,O,Scopes
I-MISC,I-PER,Trial
O,O,He
O,O,recorded
O,O,with
B-ORG,B-ORG,Columbia
I-ORG,I-ORG,Records
O,O,and
O,O,others
O,O,A
O,O,talented
O,O,singer
O,O,","
O,O,he
O,O,introduced
O,O,""""
B-LOC,B-LOC,Manhattan
O,O,""""
O,O,in
O,O,1925
O,O,","
O,O,and
O,O,the
O,O,following
O,O,year
O,O,sang
O,O,""""
B-MISC,B-PER,Mountain
I-MISC,I-PER,Greenery
O,O,""""
O,O,though
B-PER,B-PER,Aristotle
O,O,gives
O,O,this
O,O,distinction
O,O,to
B-PER,O,Sophocles
O,O,86
O,O,made
O,O,him
O,O,the
O,O,second
O,O,fastest
O,O,man
O,O,ever
O,O,in
O,O,this
O,O,distance
O,O,in
O,O,history
O,O,","
O,O,only
O,O,behind
O,O,then-world
O,O,record
O,O,holder
B-PER,B-PER,Ian
I-PER,I-PER,Thorpe
O,O,whose
O,O,time
O,O,was
O,O,3:40
O,O,but
O,O,these
O,O,bans
O,O,were
O,O,retracted
O,O,after
O,O,a
O,O,personal
O,O,appeal
O,O,from
B-PER,O,Musidora
O,O,The
O,O,""""
B-MISC,O,Taiheiki
O,O,""""
O,O,mentions
O,O,a
O,O,weapon
O,O,shaped
O,O,like
O,O,a
O,O,bell
O,O,that
O,O,made
O,O,a
O,O,noise
O,O,like
O,O,thunder-clap
O,O,and
O,O,shot
O,O,out
O,O,thousands
O,O,of
O,O,iron
O,O,balls
O,O,Using
O,O,zero
O,O,based
O,O,indexing
O,O,is
O,O,the
O,O,design
O,O,choice
O,O,of
O,O,many
O,O,influential
O,O,programming
O,O,languages
O,O,","
O,O,including
B-MISC,O,C
O,O,","
B-MISC,B-MISC,Java
O,O,and
B-MISC,B-MISC,Lisp
O,B-PER,Peter
O,O,valued
B-PER,B-PER,Catherine
O,O,and
O,O,married
O,O,her
O,O,again
O,O,(
O,O,this
O,O,time
O,O,officially
O,O,)
O,O,at
B-LOC,B-PER,Saint
I-LOC,I-PER,Isaac
I-LOC,I-LOC,'s
I-LOC,I-LOC,Cathedral
O,O,in
B-LOC,B-LOC,Saint
I-LOC,I-LOC,Petersburg
O,O,on
O,O,19
O,O,February
O,O,1712
O,O,On
O,O,17
O,O,June
O,O,there
O,O,was
O,O,torrential
O,O,rain
O,O,","
O,O,which
O,O,severely
O,O,hampered
O,O,movement
O,O,and
O,O,had
O,O,a
O,O,considerable
O,O,effect
O,O,the
O,O,next
O,O,day
O,O,","
O,O,18
O,O,June
O,O,","
O,O,when
O,O,the
B-MISC,B-MISC,Battle
I-MISC,O,of
I-MISC,B-LOC,Waterloo
O,O,was
O,O,fought
O,O,It
O,O,inspired
O,O,the
O,O,fictional
O,O,film
O,O,""""
B-MISC,O,Nobel
I-MISC,O,Chor
O,O,""""
O,O,Until
O,O,the
O,O,mid-1960
O,O,s
O,O,","
O,O,pulp
O,O,wood
O,O,","
O,O,mainly
O,O,jack
O,O,pine
O,O,","
O,O,was
O,O,driven
O,O,down
O,O,the
O,O,river
O,O,to
O,O,the
O,O,paper
O,O,mill
O,O,in
B-LOC,O,Espanola
O,O,There
O,O,is
O,O,a
O,O,very
O,O,active
O,O,tradition
O,O,of
O,O,hunting
O,O,small
O,O,to
O,O,medium-sized
O,O,wild
O,O,game
O,O,in
B-LOC,B-LOC,Trinidad
I-LOC,O,and
I-LOC,B-LOC,Tobago
O,O,Despite
O,O,the
O,O,successful
O,O,mission
O,O,","
O,O,the
O,O,careers
O,O,of
O,O,the
O,O,crew
O,O,were
O,O,tarnished
O,O,by
O,O,a
O,O,deal
O,O,they
O,O,had
O,O,made
O,O,before
O,O,the
O,O,flight
O,O,to
O,O,carry
O,O,postal
O,O,covers
O,O,to
O,O,the
B-MISC,B-PER,Moon
O,O,in
O,O,exchange
O,O,for
O,O,about
O,O,$
O,O,"7,000"
O,O,each
O,O,","
O,O,which
O,O,they
O,O,planned
O,O,to
O,O,set
O,O,aside
O,O,for
O,O,their
O,O,children
O,O,At
O,O,age
O,O,38
O,O,","
O,O,he
O,O,was
O,O,making
O,O,his
O,O,third
O,O,and
O,O,ultimately
O,O,his
O,O,final
O,O,attempt
O,O,at
O,O,winning
O,O,an
B-MISC,B-MISC,FA
I-MISC,I-MISC,Cup
O,O,medal
O,O,In
O,O,1839
O,O,","
O,O,as
O,O,compensation
O,O,for
O,O,the
O,O,loss
O,O,of
O,O,part
O,O,of
O,O,the
O,O,province
O,O,of
O,O,to
B-LOC,B-LOC,Belgium
O,O,","
O,O,the
B-LOC,B-LOC,Duchy
I-LOC,O,of
I-LOC,O,Limburg
O,O,was
O,O,created
O,O,and
O,O,became
O,O,a
O,O,member
O,O,of
O,O,the
B-LOC,B-MISC,German
I-LOC,O,Confederation
O,O,(
O,O,held
O,O,by
O,O,the
B-LOC,B-LOC,Netherlands
O,O,jointly
O,O,with
B-LOC,B-LOC,Luxembourg
O,O,)
O,O,until
O,O,the
O,O,dissolution
O,O,of
O,O,1866
O,O,After
O,O,a
O,O,slow
O,O,start
O,O,to
O,O,the
O,O,1998
O,O,season
O,O,he
O,O,was
O,O,back
O,O,in
O,O,good
O,O,form
O,O,at
O,O,the
B-MISC,B-MISC,Commonwealth
I-MISC,I-ORG,Games
O,O,The
O,O,old
B-LOC,B-LOC,Boston
I-LOC,I-LOC,Garden
O,O,had
O,O,poor
O,O,acoustics
O,O,and
O,O,lacked
O,O,air
O,O,conditioning
O,O,","
O,O,prompting
O,O,promoters
O,O,to
O,O,schedule
B-LOC,B-LOC,Boston
O,O,area
O,O,shows
O,O,at
O,O,the
O,O,arena
O,B-MISC,British
O,O,forces
O,O,gave
O,O,transportation
O,O,to
O,O,"10,000"
O,O,slaves
O,O,when
O,O,they
O,O,evacuated
B-LOC,B-LOC,Savannah
O,O,and
B-LOC,B-LOC,Charleston
O,O,","
O,O,carrying
O,O,through
O,O,on
O,O,their
O,O,promise
O,O,""""
O,O,The
O,O,scope
O,O,of
O,O,the
O,O,new
O,O,treaty
O,O,did
O,O,not
O,O,extend
O,O,to
O,O,the
B-LOC,B-LOC,Ryukyu
I-LOC,I-LOC,Islands
O,O,","
O,O,but
O,O,an
O,O,appended
O,O,minute
O,O,clarified
O,O,that
O,O,during
O,O,an
O,O,armed
O,O,attack
O,O,on
O,O,the
O,O,islands
O,O,","
O,O,both
O,O,governments
O,O,would
O,O,consult
O,O,and
O,O,take
O,O,appropriate
O,O,action
O,O,In
B-PER,B-PER,Nicola
I-PER,I-PER,Sturgeon
O,O,'s
O,O,first
O,O,reshuffle
O,O,in
O,O,November
O,O,2014
O,O,","
O,O,she
O,O,was
O,O,promoted
O,O,to
O,B-ORG,Cabinet
O,O,as
O,B-ORG,Cabinet
O,O,Secretary
O,O,for
B-ORG,I-MISC,Fair
I-ORG,I-MISC,Work
I-ORG,O,","
I-ORG,O,Skills
I-ORG,O,and
I-ORG,O,Training
O,O,Then
O,O,in
O,O,2008
O,O,","
O,O,it
O,O,was
O,O,added
O,O,to
B-ORG,O,Toon
I-ORG,B-ORG,Disney
O,O,'s
O,O,programming
O,O,lineup
O,O,","
O,O,becoming
O,O,their
O,O,first
O,O,live-action
O,O,comedy
O,O,program
O,O,Although
O,O,it
O,O,was
O,O,never
O,O,enforced
O,O,","
O,O,it
O,O,embittered
O,O,the
O,O,elderly
B-PER,I-PER,McLoughlin
O,O,He
O,O,also
O,O,suffered
O,O,from
O,O,public
O,O,anger
O,O,at
O,O,the
O,O,later
O,O,stages
O,O,of
O,O,the
B-MISC,O,Boer
B-MISC,O,war
O,O,(
O,O,counter-insurgency
O,O,warfare
O,O,characterized
O,O,as
O,O,""""
O,O,methods
O,O,of
O,O,barbarism
O,O,""""
O,O,)
O,O,and
O,O,the
O,O,importation
O,O,of
I-MISC,B-MISC,Chinese
O,O,labour
O,O,to
B-LOC,B-LOC,South
I-LOC,I-LOC,Africa
O,O,(
O,O,""""
O,B-MISC,Chinese
O,O,slavery
O,O,""""
O,O,)
O,O,Still
O,O,more
O,O,research
O,O,is
O,O,needed
O,O,to
O,O,quantify
O,O,the
B-LOC,B-LOC,Southern
I-LOC,I-LOC,Ocean
O,I-LOC,ecosystem
O,O,In
O,O,1940
O,O,the
O,O,railway
O,O,was
O,O,taken
O,O,over
O,O,by
O,O,the
O,O,military
O,O,during
B-MISC,B-MISC,World
I-MISC,I-MISC,War
I-MISC,I-MISC,II
O,O,","
O,O,and
O,O,a
O,O,miniature
O,O,armoured
O,O,train
O,O,was
O,O,used
O,O,on
O,O,the
O,O,line
B-PER,B-PER,Brandon
I-PER,I-PER,Backe
O,O,was
O,O,activated
O,O,from
O,O,the
O,O,60-day
O,O,disabled
O,O,list
O,O,to
O,O,take
O,O,his
O,O,place
O,O,on
O,O,the
O,O,major-league
O,O,roster
O,O,and
O,O,the
B-ORG,B-ORG,Astros
O,I-ORG,rotation
O,O,They
O,O,were
O,O,expected
O,O,to
O,O,become
O,O,proficient
O,O,in
B-MISC,B-MISC,Latin
O,O,and
B-MISC,B-MISC,Greek
O,O,and
O,O,to
O,O,have
O,O,learned
O,O,major
O,O,portions
O,O,of
O,O,the
B-MISC,B-MISC,New
I-MISC,I-MISC,Testament
O,O,by
O,O,heart
O,O,The
O,O,game
O,O,itself
O,O,against
B-ORG,O,Kilkenny
O,O,has
O,O,often
O,O,been
O,O,described
O,O,as
O,O,the
O,O,greatest
O,O,All-Ireland
O,O,final
O,O,ever
O,O,played
O,O,Trips
O,O,to
O,O,the
O,O,nearby
O,O,islands
O,O,of
O,O,the
B-LOC,O,Dar
I-LOC,O,es
I-LOC,O,Salaam
I-LOC,O,Marine
I-LOC,B-ORG,Reserve
O,O,are
O,O,a
O,O,popular
O,O,daytrip
O,O,from
O,O,the
O,O,city
O,O,and
O,O,a
O,O,spot
O,O,for
O,O,snorkeling
O,O,","
O,O,swimming
O,O,and
O,O,sunbathing
O,O,French-Indian
O,O,war
O,O,parties
O,O,were
O,O,returning
O,O,without
O,O,prisoners
O,O,because
O,O,the
B-LOC,B-LOC,New
I-LOC,I-LOC,England
O,O,colonists
O,O,stayed
O,O,in
O,O,their
O,O,forts
O,O,and
O,O,would
O,O,not
O,O,come
O,O,out
O,O,After
O,O,lengthy
O,O,touring
O,O,in
O,O,support
O,O,of
O,O,""""
B-MISC,O,Bleed
I-MISC,B-MISC,American
O,O,""""
O,O,","
O,O,the
O,O,band
O,O,regrouped
O,O,to
O,O,work
O,O,on
O,O,the
O,O,follow-up
O,O,in
O,O,early
O,O,2004
O,O,The
O,O,state
O,O,history
O,O,museum
O,O,","
B-LOC,O,History
I-LOC,B-LOC,Colorado
I-LOC,I-LOC,Center
O,O,","
O,O,opened
O,O,in
O,O,April
O,O,2012
O,O,From
O,O,there
O,O,he
O,O,was
O,O,taken
O,O,to
B-LOC,B-LOC,Nuremberg
O,O,to
O,O,testify
O,O,for
O,O,the
O,O,defense
O,O,in
O,O,the
O,O,trial
O,O,of
O,O,""""
O,O,SS-Obergruppenführer
O,O,""""
B-PER,O,Ernst
I-PER,I-PER,Kaltenbrunner
O,O,Among
O,O,others
O,O,","
O,O,he
O,O,received
O,O,an
O,O,offer
O,O,to
O,O,replace
B-PER,B-LOC,Kent
I-PER,O,Baer
O,O,as
O,O,defensive
O,O,coordinator
O,O,at
O,O,the
B-ORG,B-ORG,University
I-ORG,O,of
I-ORG,B-LOC,Washington
O,O,Action
O,O,and
O,O,comedy
O,O,films
O,O,","
O,O,starring
O,O,such
O,O,actors
O,O,as
B-PER,B-PER,Akshay
I-PER,I-PER,Kumar
O,O,and
B-PER,O,Govinda
O,O,On
O,O,March
O,O,8
O,O,","
O,O,2016
O,O,","
B-ORG,B-ORG,CBS
I-ORG,I-ORG,Home
I-ORG,I-ORG,Entertainment
O,O,re-released
O,O,a
O,O,repackaged
O,O,version
O,O,of
O,O,the
O,O,complete
O,O,series
O,O,set
O,O,","
O,O,at
O,O,a
O,O,lower
O,O,price
O,O,She
O,O,called
O,O,to
B-LOC,B-ORG,Sparta
O,O,for
O,O,assistance
O,O,but
O,O,was
O,O,denied
O,O,","
O,O,as
B-LOC,B-ORG,Sparta
O,O,was
O,O,facing
O,O,the
O,O,largest
O,O,helot
O,O,revolution
O,O,in
O,O,its
O,O,history
B-PER,O,Olyphant
O,O,was
O,O,a
O,O,recurring
O,O,guest
O,O,star
O,O,in
O,O,season
O,O,two
O,O,of
O,O,the
B-ORG,O,FX
O,O,legal
O,O,thriller
O,O,""""
B-MISC,O,Damages
O,O,""""
O,O,(
O,O,2009
O,O,)
B-PER,B-PER,Lynn
I-PER,I-PER,Anderson
O,O,","
B-PER,B-PER,Clay
I-PER,I-PER,Hart
O,O,","
O,O,and
B-PER,B-PER,Ava
I-PER,I-PER,Barber
O,O,used
O,O,the
O,O,show
O,O,as
O,O,a
O,O,springboard
O,O,to
O,O,launch
O,O,their
O,O,own
O,O,successful
O,O,careers
O,O,as
O,O,country
O,O,music
O,O,solo
O,O,artists
O,O,The
O,O,news
O,O,of
O,O,its
O,O,capture
O,O,was
O,O,at
O,O,once
O,O,taken
O,O,to
B-LOC,O,Shiloh
O,O,by
O,O,a
O,O,messenger
O,O,""""
O,O,with
O,O,his
O,O,clothes
O,O,rent
O,O,","
O,O,and
O,O,with
O,O,earth
O,O,upon
O,O,his
O,O,head
O,O,""""
O,O,He
O,O,gave
O,O,his
O,O,final
O,O,concert
O,O,in
B-LOC,B-LOC,Saint
I-LOC,I-LOC,Petersburg
O,O,on
O,O,14
O,O,January
O,O,1894
O,O,However
O,O,","
O,O,he
O,O,was
O,O,selected
O,O,as
O,O,the
O,O,backup
O,O,goalkeeper
O,O,to
B-PER,B-PER,Tony
I-PER,I-PER,Meola
O,O,at
O,O,the
B-MISC,B-MISC,1990
I-MISC,I-MISC,FIFA
I-MISC,I-MISC,World
I-MISC,I-MISC,Cup
O,O,The
O,O,reaction
O,O,mechanism
O,O,has
O,O,been
O,O,investigated
O,O,:
O,O,and
O,O,with
O,O,secondary
O,O,formamides
O,O,to
O,O,give
O,O,chloroiminium
O,O,ions
O,O,;
O,O,as
O,O,such
O,O,a
O,O,reaction
O,O,with
O,O,dimethylformamide
O,O,will
O,O,form
O,O,the
B-PER,O,Vilsmeier
O,O,reagent
O,O,The
O,O,wall
O,O,uses
O,O,typical
B-MISC,B-MISC,Mycenaean
O,O,conventions
O,O,in
O,O,that
O,O,it
O,O,followed
O,O,the
O,O,natural
O,O,contour
O,O,of
O,O,the
O,O,terrain
O,O,and
O,O,its
O,O,gate
O,O,","
O,O,which
O,O,was
O,O,towards
O,O,the
O,O,south
O,O,","
O,O,was
O,O,arranged
O,O,obliquely
O,O,","
O,O,with
O,O,a
O,O,parapet
O,O,and
O,O,tower
O,O,overhanging
O,O,the
O,O,incomers
O,O,'
O,O,right-hand
O,O,side
O,O,","
O,O,thus
O,O,facilitating
O,O,defense
O,O,After
O,O,playing
O,O,second
O,O,and
O,O,third
O,O,bases
O,O,as
O,O,a
O,O,rookie
O,O,","
O,O,he
O,O,switched
O,O,to
O,O,shortstop
O,O,permanently
O,O,in
O,O,1880
O,O,with
B-PER,B-PER,Fred
I-PER,I-PER,Dunlap
O,O,taking
O,O,over
O,O,at
O,O,second
O,O,She
O,O,appeared
O,O,for
B-LOC,B-LOC,Germany
O,O,at
O,O,the
B-MISC,O,1999
I-MISC,I-MISC,FIFA
I-MISC,I-MISC,Women
I-MISC,I-MISC,'s
I-MISC,I-MISC,World
I-MISC,I-MISC,Cup
O,O,","
O,O,scoring
O,O,three
O,O,goals
O,O,Overall
O,O,he
O,O,was
O,O,the
O,O,king
O,O,'s
O,O,second-youngest
O,O,child
O,O,(
O,O,of
O,O,a
O,O,total
O,O,of
O,O,77
O,O,)
O,O,","
O,O,and
O,O,the
O,O,33rd
O,O,and
O,O,youngest
O,O,of
B-PER,O,Chulalongkorn
O,O,'s
O,O,sons
O,O,In
O,O,1921
O,O,","
B-PER,O,Kaluza-Klein
O,O,theory
O,O,presented
O,O,5D
O,O,including
O,O,an
O,O,extra
O,O,dimension
O,O,of
O,O,space
O,O,It
O,O,is
O,O,the
O,O,second
O,O,game
O,O,in
O,O,the
O,O,""""
B-MISC,B-PER,Shin
I-MISC,I-PER,Megami
I-MISC,O,Tensei
O,O,""""
O,O,series
O,O,","
O,O,which
O,O,is
O,O,a
O,O,subset
O,O,of
O,O,the
O,O,larger
O,O,""""
B-MISC,O,Megami
I-MISC,O,Tensei
O,O,""""
O,O,franchise
O,O,The
B-LOC,B-PER,Musée
I-LOC,I-PER,Rodin
O,O,holds
O,O,"7,000"
O,O,of
O,O,his
O,O,drawings
O,O,and
O,O,prints
O,O,","
O,O,in
O,O,chalk
O,O,and
O,O,charcoal
O,O,","
O,O,and
O,O,thirteen
O,O,vigorous
O,I-PER,drypoints
O,O,There
O,O,are
O,O,two
O,O,metropolitan
O,O,areas
O,O,within
O,O,the
O,O,region
O,O,","
B-LOC,B-LOC,Copenhagen
I-LOC,O,metropolitan
I-LOC,O,area
O,O,and
B-LOC,I-MISC,Metropolitan
B-LOC,I-MISC,Malmö
O,O,Her
O,O,funeral
O,O,was
O,O,held
O,O,in
O,O,the
B-LOC,B-LOC,Salt
I-LOC,I-LOC,Lake
I-LOC,O,Tabernacle
O,O,","
O,O,making
O,O,her
O,O,the
O,O,second
O,O,woman
O,O,ever
O,O,to
O,O,receive
O,O,that
O,O,honor
O,O,The
O,O,daffodil
O,O,is
O,O,the
O,O,national
O,O,flower
O,O,of
B-LOC,B-LOC,Wales
O,O,and
O,O,the
O,O,symbol
O,O,of
O,O,cancer
O,O,charities
O,O,in
O,O,many
O,O,countries
O,O,The
O,O,markhor
O,O,is
O,O,an
O,O,endangered
O,O,species
O,O,of
O,O,wild
O,O,goat
O,O,which
O,O,inhabits
O,O,the
O,O,mountains
O,O,of
B-LOC,B-LOC,Central
I-LOC,I-LOC,Asia
O,O,and
B-LOC,B-LOC,Pakistan
O,O,The
O,O,building
O,O,was
O,O,designed
O,O,by
B-PER,B-PER,James
I-PER,I-PER,Renwick
I-PER,O,","
I-PER,I-MISC,Jr.
O,O,and
O,O,finally
O,O,completed
O,O,in
O,O,1874
O,O,The
B-LOC,B-LOC,Caucasus
O,O,is
O,O,an
O,O,area
O,O,of
O,O,great
O,O,ecological
O,O,importance
O,O,Such
O,O,incidents
O,O,are
O,O,common
O,O,in
O,O,countries
O,O,such
O,O,as
B-LOC,B-LOC,Burkina
I-LOC,I-LOC,Faso
O,O,","
B-LOC,B-LOC,Ghana
O,O,","
B-LOC,B-LOC,India
O,O,","
B-LOC,B-LOC,Kenya
O,O,","
B-LOC,O,Malawi
O,O,","
B-LOC,B-LOC,Nepal
O,O,and
B-LOC,B-LOC,Tanzania
B-PER,B-PER,Mobutu
O,O,fled
B-LOC,B-LOC,Kinshasa
O,O,on
O,O,May
O,O,16
O,O,","
O,O,and
O,O,the
O,O,""""
O,O,libérateurs
O,O,""""
O,O,(
O,O,liberators
O,O,)
O,O,entered
O,O,the
O,O,capital
O,O,without
O,O,serious
O,O,resistance
O,O,For
O,O,technical
O,O,reasons
O,O,","
O,O,one
O,O,must
O,O,change
O,O,of
O,O,coordinates
O,O,in
O,O,order
O,O,that
O,O,the
O,O,degrees
O,O,in
O,O,of
O,O,and
O,O,equal
O,O,their
O,O,total
O,O,degrees
O,O,(
O,O,and
O,O,)
O,O,","
O,O,and
O,O,each
O,O,line
O,O,passing
O,O,through
O,O,two
O,O,intersection
O,O,points
O,O,does
O,O,not
O,O,pass
O,O,through
O,O,the
O,O,point
O,O,(
O,O,this
O,O,means
O,O,that
O,O,no
O,O,two
O,O,point
O,O,have
O,O,the
O,O,same
B-PER,B-PER,Cartesian
O,O,-
O,O,coordinate
B-PER,B-PER,Michael
I-PER,I-PER,Hagan
O,O,was
O,O,named
O,O,as
O,O,his
O,O,replacement
O,O,In
O,O,an
O,O,interview
O,O,at
O,O,the
O,O,end
O,O,of
O,O,2013
O,O,","
B-PER,B-PER,Mick
I-PER,I-PER,Cooke
O,O,confirmed
O,O,he
O,O,had
O,O,left
O,O,the
O,O,band
O,O,on
O,O,good
O,O,terms
O,O,However
O,O,","
O,O,it
O,O,was
O,O,not
O,O,delivered
O,B-PER,because
B-PER,I-PER,Kennedy
O,O,was
O,O,hospitalized
O,O,at
O,O,the
O,O,time
O,O,He
O,O,was
O,O,a
O,O,champion
O,O,high
O,O,jumper
O,O,and
O,O,earned
B-ORG,O,All-City
O,O,honors
O,O,in
O,O,basketball
O,O,and
O,O,baseball
O,O,Having
O,O,been
O,O,signed
O,O,from
O,O,a
O,O,lower-division
O,O,club
O,O,he
O,O,was
O,O,seen
O,O,as
O,O,an
O,O,example
O,O,of
B-PER,B-PER,Alan
I-PER,I-PER,Curbishley
O,O,'s
O,O,ability
O,O,to
O,O,spot
O,O,talent
O,O,in
O,O,unheralded
O,O,players
O,O,He
O,O,appears
O,O,frequently
O,O,as
O,O,a
O,O,broadcaster
O,O,for
O,O,the
O,O,men
O,O,'s
O,O,national
O,O,team
O,O,and
B-ORG,B-ORG,Toronto
I-ORG,I-ORG,FC
O,O,on
B-ORG,O,Sportsnet
O,O,as
O,O,well
O,O,as
B-ORG,O,Sportsnet
O,I-MISC,'s
B-MISC,I-MISC,Soccer
I-MISC,I-MISC,Central
I-MISC,I-MISC,Matchday
B-ORG,O,3LW
O,O,was
O,O,signed
O,O,to
B-ORG,B-ORG,Epic
I-ORG,I-ORG,Records
O,O,and
O,O,work
O,O,on
O,O,their
O,O,debut
O,O,album
O,O,began
O,O,in
O,O,1999
O,O,In
O,O,the
B-LOC,B-LOC,UK
O,O,educational
O,O,system
O,O,","
O,O,""""
O,O,speech
O,O,","
O,O,language
O,O,and
O,O,communication
O,O,needs
O,O,""""
O,O,(
O,O,SLCN
O,O,)
O,O,is
O,O,currently
O,O,the
O,O,term
O,O,of
O,O,choice
O,O,","
O,O,but
O,O,this
O,O,is
O,O,far
O,O,broader
O,O,than
O,O,SLI
O,O,","
O,O,and
O,O,includes
O,O,children
O,O,with
O,O,speech
O,O,and
O,O,language
O,O,difficulties
O,O,arising
O,O,from
O,O,a
O,O,wide
O,O,range
O,O,of
O,O,causes
O,O,Six
O,O,fughettas
O,O,for
O,O,piano
O,O,of
O,O,the
O,O,twelve-year-old
B-PER,O,Weber
O,O,were
O,O,published
O,O,in
B-LOC,B-LOC,Leipzig
B-PER,O,Hindenburg
O,O,'s
O,O,remaining
O,O,in
O,O,command
O,O,bolstered
O,O,the
O,O,new
O,O,government
O,O,'s
O,O,position
B-LOC,O,Amarillo
O,O,had
O,O,a
O,O,minor
O,O,league
O,O,indoor
O,O,soccer
O,O,team
O,O,called
O,O,the
B-ORG,O,Amarillo
I-ORG,O,Challengers
O,O,that
O,O,competed
O,O,in
O,O,the
B-ORG,O,SISL
O,O,and
O,O,later
O,O,the
B-ORG,O,USISL
O,O,Her
O,O,collection
O,O,includes
O,O,work
O,O,by
O,O,artists
O,O,such
O,O,as
B-PER,O,Diane
I-PER,O,Arbus
O,O,","
B-PER,B-PER,Helen
I-PER,I-PER,Levitt
O,O,","
B-PER,O,Cindy
I-PER,O,Sherman
O,O,","
B-PER,B-PER,Francesco
I-PER,I-PER,Clemente
O,O,","
B-PER,O,Alexis
I-PER,O,Rockman
O,O,and
B-PER,B-PER,Kiki
I-PER,I-PER,Smith
O,O,He
O,O,scored
O,O,his
O,O,lone
O,O,goal
O,O,during
O,O,the
O,O,bronze-medal
O,O,game
O,O,","
O,O,opening
O,O,the
O,O,score
O,O,against
B-LOC,B-LOC,Slovakia
O,O,in
O,O,a
O,O,5
O,O,–
O,O,3
O,O,win
B-LOC,B-LOC,Nevada
O,O,","
O,O,with
O,O,the
O,O,smallest
O,O,water
O,O,allocation
O,O,in
O,O,the
O,O,lower
O,O,river
O,O,basin
O,O,","
O,O,may
O,O,find
O,O,in
O,O,the
O,O,near
O,O,future
O,O,that
O,O,the
O,O,water
O,O,supplied
O,O,by
O,O,the
B-LOC,B-LOC,Colorado
I-LOC,I-LOC,River
O,O,will
O,O,not
O,O,meet
O,O,the
O,O,state
O,O,'s
O,O,growing
O,O,needs
O,O,He
O,O,was
O,O,defeated
O,O,by
O,O,a
O,O,large
O,O,margin
O,O,in
O,O,the
O,O,1998
O,O,federal
O,O,elections
O,O,by
O,O,the
O,O,Minister-President
O,O,of
B-LOC,B-LOC,Lower
I-LOC,I-LOC,Saxony
O,O,","
B-PER,O,Gerhard
I-PER,I-PER,Schröder
O,O,A
O,O,mistake
O,O,he
O,O,made
O,O,in
O,O,the
O,O,semi-final
O,O,allowed
B-LOC,B-LOC,France
O,O,to
O,O,equalize
O,O,immediately
O,O,after
B-LOC,B-LOC,Croatia
O,O,had
O,O,fought
O,O,hard
O,O,to
O,O,earn
O,O,a
O,O,one-goal
O,O,lead
O,O,It
O,O,tripled
O,O,its
O,O,capacity
O,O,to
O,O,per
O,O,day
O,O,in
O,O,1917
O,O,","
O,O,then
O,O,in
O,O,1928
O,O,merged
O,O,with
O,O,about
O,O,25
O,O,other
O,O,mills
O,O,nationwide
O,O,to
O,O,form
B-ORG,O,General
I-ORG,O,Mills
O,O,During
O,O,the
B-MISC,B-MISC,World
I-MISC,I-MISC,War
I-MISC,I-MISC,II
O,O,","
O,O,he
O,O,became
O,O,a
O,O,magistrate
O,O,of
O,O,the
O,O,military
O,O,court
O,O,of
B-LOC,B-LOC,Naples
O,O,","
O,O,with
O,O,the
O,O,rank
O,O,of
O,O,lieutenant
O,O,colonel
O,O,Signs
O,O,of
O,O,calcium
O,O,carbonate
O,O,have
O,O,been
O,O,detected
O,O,at
O,O,more
O,O,than
O,O,one
O,O,location
O,O,(
O,O,notably
O,O,at
B-LOC,O,Gusev
O,O,and
B-LOC,O,Huygens
O,O,craters
O,O,)
O,O,Apart
O,O,from
O,O,his
O,O,solo
O,O,career
O,O,","
O,O,he
O,O,also
O,O,performed
O,O,chamber
O,O,music
O,O,with
O,O,partners
O,O,such
O,O,as
B-PER,O,Mstislav
I-PER,O,Rostropovich
O,O,","
B-PER,B-PER,Rudolf
I-PER,I-PER,Barshai
O,O,","
B-PER,B-PER,David
I-PER,I-PER,Oistrakh
O,O,","
B-PER,O,Oleg
I-PER,O,Kagan
O,O,","
B-PER,O,Yuri
I-PER,O,Bashmet
O,O,","
B-PER,O,Natalia
I-PER,O,Gutman
O,O,","
B-PER,O,Zoltán
I-PER,O,Kocsis
O,O,","
B-PER,O,Elisabeth
I-PER,O,Leonskaja
O,O,","
B-PER,B-PER,Benjamin
I-PER,I-PER,Britten
O,O,and
O,O,members
O,O,of
O,O,the
B-ORG,B-ORG,Borodin
I-ORG,I-ORG,Quartet
O,O,It
O,O,was
O,O,an
O,O,early
O,O,pet–friendly
O,O,hotel
O,O,and
O,O,was
O,O,featured
O,O,in
O,O,""""
B-MISC,O,Architectural
I-MISC,O,Digest
O,O,""""
O,O,in
O,O,1999
O,O,The
O,O,comments
O,O,drew
O,O,criticism
O,O,from
B-PER,O,Nikki
I-PER,O,Sixx
O,O,of
B-ORG,O,Mötley
I-ORG,O,Crüe
O,O,who
O,O,had
O,O,suffered
O,O,from
O,O,depression
O,O,in
O,O,the
O,O,past
O,O,However
O,O,another
O,O,debate
O,O,show
O,O,debuted
O,O,in
O,O,2006
O,O,","
O,O,this
O,O,time
O,O,NASCAR-related
O,O,and
O,O,was
O,O,named
O,O,""""
I-MISC,O,Tradin
I-MISC,O,'
I-MISC,O,Paint
O,O,""""
O,O,but
O,O,was
O,O,similar
O,O,though
O,O,it
O,O,had
B-ORG,O,NASCAR
O,O,drivers
O,O,like
B-PER,B-PER,Kyle
I-PER,I-PER,Petty
O,O,as
O,O,panelists
O,O,debating
B-ORG,O,NASCAR
O,O,issues
O,O,in
O,O,a
O,O,similar
O,O,fashion
O,O,They
O,O,were
O,O,followed
O,O,by
B-PER,B-PER,Carl
I-PER,I-PER,Locher
O,O,in
O,O,1872
O,O,","
B-PER,B-PER,Michael
I-PER,I-PER,Ancher
O,O,in
O,O,1874
O,O,and
B-PER,O,Peder
I-PER,O,Severin
I-PER,O,Krøyer
O,O,in
O,O,1882
O,O,In
O,O,contrast
O,O,","
O,O,some
B-ORG,B-ORG,Mennonite
O,O,pastors
O,O,who
O,O,performed
O,O,same-sex
O,O,unions
O,O,have
O,O,had
O,O,their
O,O,credentials
O,O,revoked
O,O,by
O,O,their
O,O,conference
O,O,and
O,O,some
O,O,within
O,O,the
B-ORG,B-ORG,Mennonite
I-ORG,I-ORG,Church
I-ORG,I-ORG,USA
O,O,have
O,O,had
O,O,their
O,O,credentials
O,O,reviewed
O,O,without
O,O,any
O,O,disciplinary
O,O,actions
O,O,taken
O,O,The
O,O,screening
O,O,was
O,O,introduced
O,O,by
B-PER,B-PER,Christopher
I-PER,I-PER,Nolan
O,O,Influenced
O,O,by
O,O,the
B-ORG,O,Nouvelle
I-ORG,O,Droite
O,O,","
O,O,it
O,O,framed
O,O,its
O,O,arguments
O,O,regarding
O,O,environmentalism
O,O,in
O,O,an
O,O,anti-immigration
O,O,manner
O,O,","
O,O,talking
O,O,about
O,O,the
O,O,need
O,O,for
O,O,'
O,O,sustainability
O,O,'
O,O,In
O,O,1990
O,O,she
O,O,was
O,O,the
O,O,first
O,O,member
O,O,of
O,O,the
O,O,royal
O,O,family
O,O,to
O,O,make
O,O,an
O,O,official
O,O,visit
O,O,to
O,O,the
B-LOC,B-LOC,Soviet
I-LOC,I-LOC,Union
O,O,when
O,O,she
O,O,went
O,O,there
O,O,as
O,O,a
O,O,guest
O,O,of
O,O,President
B-PER,B-PER,Mikhail
I-PER,I-PER,Gorbachev
O,O,and
O,O,his
O,O,government
O,O,She
O,O,became
O,O,a
O,O,part
O,O,of
O,O,the
B-MISC,B-MISC,Indian
O,O,nationalist
O,O,movement
O,O,and
O,O,became
O,O,a
O,O,follower
O,O,of
B-PER,B-PER,Mahatma
I-PER,I-PER,Gandhi
O,O,and
O,O,his
O,O,idea
O,O,of
O,O,swaraj
O,O,They
O,O,then
O,O,jump
O,O,into
O,O,the
B-LOC,O,Batmobile
O,O,The
O,O,band
O,O,released
O,O,their
O,O,tenth
O,O,album
O,O,","
O,O,""""
B-MISC,O,Surviving
O,O,""""
O,O,","
O,O,in
O,O,October
O,O,2019
O,O,He
O,O,wore
O,O,the
O,O,number
O,O,9
O,O,shirt
O,O,left
O,O,vacant
O,O,by
B-PER,B-PER,Jimmy
I-PER,I-PER,Floyd
I-PER,O,Hasselbaink
O,O,'s
O,O,transfer
O,O,to
B-ORG,B-ORG,Middlesbrough
O,O,Similar
O,O,systems
O,O,are
O,O,used
O,O,today
O,O,by
O,O,editors
O,O,of
O,O,scientific
O,O,journals
O,O,such
O,O,as
B-ORG,O,EDAS
O,O,In
O,O,addition
O,O,","
O,O,it
O,O,works
O,O,with
B-ORG,O,The
I-ORG,B-PER,Fred
I-ORG,I-PER,Hollows
I-ORG,I-PER,Foundation
O,O,to
O,O,improve
O,O,health
O,O,standards
O,O,and
O,O,living
O,O,conditions
O,O,in
B-MISC,B-ORG,Australian
O,O,aboriginal
O,O,communities
O,O,He
O,O,joined
O,O,the
O,O,youth
O,O,ranks
O,O,of
B-ORG,B-ORG,Watford
O,O,","
O,O,and
O,O,made
O,O,his
O,O,league
O,O,début
O,O,in
O,O,the
O,O,closing
O,O,stages
O,O,of
O,O,the
O,O,1991
O,O,–
O,O,92
O,O,season
O,O,On
O,O,December
O,O,28
O,O,","
O,O,1987
O,O,","
O,O,the
B-ORG,O,TMNT
O,O,'s
O,O,first
O,O,cartoon
O,O,series
O,O,began
O,O,","
O,O,starting
O,O,as
O,O,a
O,O,five-part
O,O,miniseries
O,O,and
O,O,becoming
O,O,a
O,O,regular
O,O,Saturday-morning
O,O,syndicated
O,O,series
O,O,on
O,O,October
O,O,1
O,O,","
O,O,1988
O,O,","
O,O,with
O,O,13
O,O,more
O,O,episodes
O,O,The
O,O,city
O,O,is
O,O,the
O,O,leading
O,O,arrival
O,O,and
O,O,departure
O,O,point
O,O,for
O,O,most
O,O,tourists
O,O,who
O,O,visit
B-LOC,B-LOC,Tanzania
O,O,","
O,O,including
O,O,the
O,O,national
O,O,parks
O,O,for
O,O,safaris
O,O,and
O,O,the
O,O,islands
O,O,of
B-LOC,O,Unguja
O,O,and
B-LOC,O,Pemba
O,O,This
O,O,means
O,O,that
O,O,","
O,O,since
O,O,the
O,O,time
O,O,of
B-PER,O,Hipparchus
O,O,","
O,O,it
O,O,has
O,O,shifted
O,O,across
O,O,the
O,O,sky
O,O,by
O,O,about
O,O,30
O,O,°
O,O,","
O,O,and
O,O,is
O,O,currently
O,O,located
O,O,within
B-LOC,O,Pisces
O,O,","
O,O,near
O,O,its
O,O,border
O,O,with
B-LOC,O,Aquarius
O,O,Unusually
O,O,","
O,O,two
O,O,independent
O,O,mice
O,O,can
O,O,be
O,O,connected
O,O,to
O,O,the
O,O,joystick
O,O,ports
O,O,;
O,O,some
O,O,games
O,O,","
O,O,such
O,O,as
B-MISC,O,Lemmings
O,O,","
O,O,were
O,O,designed
O,O,to
O,O,take
O,O,advantage
O,O,of
O,O,this
O,O,The
O,O,album
O,O,""""
B-MISC,O,Life
I-MISC,O,in
I-MISC,O,a
I-MISC,B-MISC,Tin
I-MISC,I-MISC,Can
O,O,""""
O,O,","
O,O,released
O,O,on
B-PER,B-PER,Robert
I-PER,I-PER,Stigwood
O,O,'s
O,O,newly
O,O,formed
B-ORG,B-ORG,RSO
I-ORG,I-ORG,Records
O,O,","
O,O,and
O,O,its
O,O,lead-off
O,O,single
O,O,","
O,O,""""
B-MISC,O,Saw
I-MISC,O,a
I-MISC,B-MISC,New
I-MISC,I-MISC,Morning
O,O,""""
O,O,","
O,O,sold
O,O,poorly
O,O,with
O,O,the
O,O,single
O,O,peaking
O,O,at
O,O,No.
O,O,94
O,O,This
O,O,is
O,O,close
O,O,to
B-MISC,O,Manichaeism
O,O,He
O,O,expresses
O,O,strong
O,O,interest
O,O,in
O,O,the
O,O,utility
O,O,of
B-MISC,B-MISC,Buddhist
O,O,philosophy
O,O,for
B-MISC,B-MISC,Confucian
O,O,purposes
B-LOC,B-LOC,Athens
O,O,fell
O,O,in
O,O,March
O,O,86BC
O,O,","
O,O,and
O,O,the
O,O,city
O,O,was
O,O,sacked
O,O,Once
B-PER,O,Toulon
O,O,returns
O,O,from
O,O,the
O,O,woods
O,O,","
O,O,he
O,O,sees
O,O,what
O,O,has
O,O,happened
O,O,and
O,O,acts
O,O,quickly
O,O,by
O,O,putting
O,O,their
O,O,souls
O,O,inside
O,O,his
O,O,puppets
O,O,""""
O,O,The
B-PER,O,Danaids
O,O,""""
O,O,would
O,O,open
O,O,the
O,O,day
O,O,after
O,O,the
O,O,wedding
O,O,A
O,O,long
O,O,term
O,O,protest
O,O,camp
O,O,operated
O,O,at
B-LOC,B-PER,James
I-LOC,I-PER,Price
I-LOC,I-PER,Point
B-LOC,O,Salisbury
O,O,is
O,O,the
O,O,principal
O,O,city
O,O,of
O,O,this
O,O,CSA
O,O,Over
O,O,time
O,O,","
O,O,the
O,O,area
O,O,has
O,O,become
O,O,the
O,O,premier
O,O,entertainment
O,O,strip
O,O,in
B-LOC,B-ORG,Edmonton
O,O,and
O,O,is
O,O,the
O,O,locale
O,O,for
O,O,events
O,O,such
O,O,as
O,O,the
B-MISC,B-ORG,Edmonton
I-MISC,I-ORG,International
I-MISC,O,Fringe
I-MISC,I-ORG,Festival
O,O,The
O,O,parody
O,O,ends
O,O,on
O,O,a
O,O,happier
O,O,note
O,O,","
O,O,with
O,O,the
O,O,characters
O,O,leaving
B-LOC,B-ORG,Toronto
O,O,to
O,O,seek
O,O,better
O,O,opportunities
O,O,in
B-LOC,B-ORG,Edmonton
O,O,In
O,O,more
O,O,abstract
O,O,language
O,O,","
O,O,there
O,O,is
O,O,a
B-PER,B-PER,Galois
O,O,connection
O,O,","
O,O,giving
O,O,rise
O,O,to
O,O,two
O,O,closure
O,O,operators
O,O,;
O,O,they
O,O,can
O,O,be
O,O,identified
O,O,","
O,O,and
O,O,naturally
O,O,play
O,O,a
O,O,basic
O,O,role
O,O,in
O,O,the
O,O,theory
O,O,;
O,O,the
O,O,example
O,O,is
O,O,elaborated
O,O,at
B-PER,B-PER,Galois
O,O,connection
O,O,""""
O,O,Steak
O,O,sauce
O,O,""""
O,O,is
O,O,a
B-MISC,B-MISC,British
O,O,brown
O,O,sauce
O,O,commonly
O,O,served
O,O,as
O,O,a
O,O,condiment
O,O,for
O,O,beef
O,O,in
O,O,the
B-LOC,B-LOC,United
I-LOC,I-LOC,States
O,O,and
O,O,marketed
O,O,as
O,O,'
O,O,steak
O,O,sauce
O,O,'
O,O,In
O,O,1957
O,O,he
O,O,finished
O,O,in
O,O,the
B-ORG,B-ORG,National
I-ORG,I-ORG,League
O,O,top
O,O,ten
O,O,for
O,O,games
O,O,pitched
O,O,","
O,O,winning
O,O,percentage
O,O,","
O,O,and
O,O,hit
O,O,batsmen
O,O,He
O,O,represented
O,O,the
O,O,constituency
O,O,for
O,O,twenty
O,O,years
O,O,until
O,O,1768
O,O,and
O,O,sat
O,O,then
O,O,for
O,O,(
O,O,Much
O,O,)
B-LOC,O,Wenlock
O,O,for
O,O,another
O,O,twentysix
O,O,years
O,O,In
O,O,sidereal
O,O,astrology
O,O,","
O,O,by
O,O,contrast
O,O,","
O,O,the
O,O,first
O,O,point
O,O,of
B-LOC,O,Aries
O,O,remains
O,O,aligned
O,O,with
O,O,the
B-LOC,O,Aries
O,O,constellation
O,O,","
O,O,carried
O,O,by
O,O,the
O,O,massive
O,O,hit
O,O,""""
B-MISC,O,I
I-MISC,O,Want
I-MISC,O,to
I-MISC,I-MISC,Be
I-MISC,I-MISC,Your
I-MISC,I-MISC,Man
O,O,""""
O,O,which
O,O,rose
O,O,to
O,O,number
O,O,3
O,O,on
O,O,the
O,O,""""
B-ORG,B-ORG,Billboard
O,I-ORG,""""
I-MISC,I-ORG,Hot
I-MISC,I-ORG,100
O,O,and
O,O,number
O,O,1
O,O,on
O,O,the
O,B-LOC,R&B
O,O,chart
O,O,This
O,O,made
O,O,possible
O,O,the
O,O,cupola
O,O,of
O,O,the
B-LOC,O,Pantheon
O,O,","
O,O,which
O,O,is
O,O,still
O,O,the
O,O,world
O,O,'s
O,O,largest
O,O,unreinforced
O,O,concrete
O,O,dome
B-ORG,O,Bluestar
O,O,provide
O,O,services
O,O,to
B-LOC,O,Eastleigh
O,O,and
B-LOC,B-ORG,Southampton
O,O,On
B-MISC,B-MISC,Metacritic
O,O,","
O,O,the
O,O,film
O,O,received
O,O,a
O,O,rating
O,O,of
O,O,73
O,O,(
O,O,out
O,O,of
O,O,100
O,O,)
O,O,based
O,O,on
O,O,39
O,O,reviews
O,O,After
O,O,an
O,O,eighth
O,O,reported
O,O,death
O,O,involving
O,O,the
O,O,safety
O,O,handrails
O,O,","
B-ORG,O,MassDOT
O,O,officials
O,O,announced
O,O,plans
O,O,to
O,O,cover
O,O,or
O,O,remove
O,O,the
O,O,allegedly
O,O,dangerous
O,O,fixtures
O,O,","
O,O,but
O,O,only
O,O,near
O,O,curves
O,O,or
O,O,exit
O,O,ramps
O,O,Proponents
O,O,argue
O,O,that
O,O,the
O,O,central
O,O,point
O,O,","
O,O,that
O,O,replicating
O,O,the
O,O,gene
O,O,is
O,O,the
O,O,object
O,O,of
O,O,selection
O,O,","
O,O,usefully
O,O,completes
O,O,and
O,O,extends
O,O,the
O,O,explanation
O,O,of
O,O,evolution
O,O,given
O,O,by
B-PER,B-PER,Charles
I-PER,I-PER,Darwin
O,O,before
O,O,the
O,O,basic
O,O,mechanisms
O,O,of
O,O,genetics
O,O,were
O,O,understood
O,O,It
O,O,entered
O,O,the
B-MISC,B-LOC,UK
I-MISC,I-LOC,Albums
I-MISC,I-LOC,Chart
O,O,at
O,O,number
O,O,""""
O,O,two
O,O,It
O,O,inhabits
O,O,moist
O,O,meadows
O,O,","
O,O,marshes
O,O,","
O,O,and
O,O,stream
O,O,banks
O,O,in
O,O,northern
O,O,parts
O,O,of
B-LOC,B-LOC,North
I-LOC,I-LOC,America
O,O,and
B-LOC,B-LOC,Eurasia
O,O,Completed
O,O,in
O,O,1932
O,O,","
O,O,it
O,O,is
O,O,named
O,O,for
O,O,Senator
B-PER,B-PER,Ben
I-PER,I-PER,M.
I-PER,I-PER,Williamson
O,O,In
O,O,August
O,O,2020
O,O,","
O,O,he
O,O,was
O,O,hired
O,O,by
B-ORG,O,USM
I-ORG,O,Alger
O,O,also
O,O,as
O,O,a
O,O,goalkeeper
O,O,coach
O,O,The
O,O,trio
O,O,take
O,O,refuge
O,O,in
O,O,a
O,O,nearby
O,O,cottage
O,O,that
O,O,is
O,O,soon
O,O,surrounded
O,O,by
O,O,black
O,O,smoke
O,O,-
O,O,a
B-MISC,O,Martian
O,O,chemical
O,O,weapon
O,O,Historically
O,O,","
B-LOC,B-LOC,Texas
O,O,and
B-LOC,B-LOC,Oklahoma
O,O,have
O,O,not
O,O,had
O,O,a
O,O,reciprocal
O,O,fishing
O,O,license
O,O,agreement
O,O,","
O,O,which
O,O,has
O,O,posed
O,O,a
O,O,problem
O,O,for
O,O,anglers
O,O,A
O,O,special
O,O,purpose
B-MISC,O,DBMS
O,O,may
O,O,use
O,O,a
O,O,private
O,O,API
O,O,and
O,O,be
O,O,specifically
O,O,customised
O,O,and
O,O,linked
O,O,to
O,O,a
O,O,single
O,O,application
O,O,On
O,O,1
O,O,October
O,O,1910
O,O,it
O,O,was
O,O,enlarged
O,O,by
O,O,gaining
O,O,part
O,O,of
B-LOC,O,Nether
I-LOC,B-LOC,Alderley
O,O,civil
O,O,parish
O,O,He
O,O,is
O,O,one
O,O,of
O,O,the
O,O,musicians
O,O,who
O,O,test
O,O,and
O,O,talk
O,O,about
O,O,the
O,O,piano
O,O,in
O,O,the
O,O,documentary
O,O,""""
B-MISC,O,Note
I-MISC,O,by
I-MISC,O,Note
I-MISC,O,:
I-MISC,O,The
I-MISC,O,Making
I-MISC,O,of
I-MISC,O,Steinway
I-MISC,O,L1037
O,O,""""
O,O,","
O,O,released
O,O,in
O,O,November
O,O,2007
O,O,On
O,O,5
O,O,November
O,O,2015
O,O,","
O,O,he
O,O,joined
O,O,their
O,O,divisional
O,O,rivals
B-ORG,O,Guiseley
O,O,on
O,O,loan
O,O,until
O,O,January
O,O,2016
O,O,The
O,O,song
O,O,was
O,O,used
O,O,in
O,O,a
B-ORG,B-ORG,New
I-ORG,I-ORG,York
I-ORG,O,Knicks
O,O,intermission
O,O,video
O,O,","
O,O,where
O,O,the
O,O,players
O,O,awkwardly
O,O,attempt
O,O,to
O,O,sing
O,O,along
O,O,with
O,O,the
O,O,song
O,O,The
O,O,race
O,O,was
O,O,prevented
O,O,from
O,O,being
O,O,run
O,O,by
O,O,the
B-MISC,B-MISC,Spanish
I-MISC,I-MISC,Civil
I-MISC,I-MISC,War
O,I-MISC,and
B-MISC,I-MISC,World
I-MISC,I-MISC,War
I-MISC,I-MISC,II
O,O,in
O,O,the
O,O,early
O,O,years
O,O,of
O,O,its
O,O,existence
O,O,;
O,O,however
O,O,","
O,O,the
O,O,race
O,O,has
O,O,been
O,O,held
O,O,annually
O,O,since
O,O,1955
O,O,A
O,O,hoard
O,O,of
O,O,over
O,O,150
O,O,rod-shaped
O,O,obeloi
O,O,was
O,O,uncovered
O,O,at
B-LOC,O,Heraion
I-LOC,O,of
I-LOC,O,Argos
O,O,in
B-LOC,O,Peloponnese
O,O,""""
B-MISC,B-MISC,Viola
O,O,palustris
O,O,""""
O,O,(
O,O,""""
O,O,marsh
O,O,violet
O,O,""""
O,O,","
O,O,or
O,O,""""
O,O,alpine
O,O,marsh
O,O,violet
O,O,""""
O,O,)
O,O,is
O,O,a
O,O,perennial
O,O,forb
O,O,of
O,O,the
O,O,genus
O,O,""""
B-MISC,B-MISC,Viola
O,O,""""
O,O,The
O,O,film
O,O,holds
O,O,a
O,O,33
O,O,%
O,O,approval
O,O,rating
O,O,at
O,O,review
O,O,aggregator
O,O,website
B-MISC,B-MISC,Rotten
I-MISC,I-MISC,Tomatoes
O,O,based
O,O,on
O,O,9
O,O,reviews
O,O,","
O,O,with
O,O,an
O,O,average
O,O,score
O,O,of
O,O,4.6
O,O,/
O,O,10
O,O,Tone
O,O,and
O,O,mood
O,O,are
O,O,set
O,O,by
O,O,the
O,O,composition
O,O,of
O,O,the
O,O,panels
O,O,","
O,O,as
O,O,during
B-PER,O,Riel
O,O,'s
O,O,trial
O,O,when
O,O,all
O,O,tonal
O,O,variation
O,O,is
O,O,dropped
O,O,","
O,O,and
O,O,the
O,O,white
O,O,figures
O,O,are
O,O,placed
O,O,against
O,O,a
O,O,heavy
O,O,black
O,O,background
O,O,","
O,O,which
O,O,emphasizes
O,O,the
O,O,claustrophobic
O,O,atmosphere
O,O,The
O,O,following
O,O,year
O,O,","
O,O,he
O,O,led
O,O,his
O,O,protégé
O,I-ORG,group
B-ORG,B-PER,Junior
I-ORG,I-PER,M.A.F.I.A.
O,O,","
O,O,a
O,O,team
O,O,of
O,O,himself
O,O,and
O,O,longtime
O,O,friends
O,O,","
O,O,including
B-PER,O,Lil
I-PER,O,'
I-PER,O,Kim
O,O,","
O,O,to
O,O,chart
O,O,success
O,O,A
O,O,short
O,O,ROM
O,O,program
O,O,on
O,O,the
O,O,disk
O,O,controller
O,O,had
O,O,the
O,O,ability
O,O,to
O,O,seek
O,O,to
O,O,track
O,O,zero
O,O,which
O,O,it
O,O,did
O,O,without
O,O,regard
O,O,for
O,O,the
O,O,read
O,O,/
O,O,write
O,O,head
O,O,'s
O,O,current
O,O,position
O,O,","
O,O,resulting
O,O,in
O,O,the
O,O,characteristic
O,O,""""
O,O,chattering
O,O,""""
O,O,sound
O,O,of
O,O,a
B-MISC,B-MISC,Disk
I-MISC,I-MISC,II
O,I-MISC,boot
O,O,","
O,O,which
O,O,was
O,O,the
O,O,read
O,O,/
O,O,write
O,O,head
O,O,hitting
O,O,the
O,O,rubber
O,O,stop
O,O,block
O,O,at
O,O,the
O,O,end
O,O,of
O,O,the
O,O,rail
O,O,–
O,O,and
O,O,read
O,O,and
O,O,execute
O,O,code
O,O,from
O,O,sector
O,O,0
O,O,The
O,O,valley
O,O,was
O,O,named
O,O,during
O,O,the
O,O,late
O,O,18th
O,O,-
O,O,century
B-MISC,B-MISC,Spanish
O,O,colonial
B-LOC,O,Alta
I-LOC,B-LOC,California
O,O,period
O,O,","
O,O,and
O,O,in
B-MISC,B-MISC,Spanish
O,O,""""
O,O,salina
O,O,""""
O,O,is
O,O,the
O,O,term
O,O,for
O,O,a
O,O,salt
O,O,marsh
O,O,","
O,O,salt
O,O,lake
O,O,","
O,O,or
O,O,salt
O,O,pan
O,O,In
O,O,the
O,O,south
O,O,its
O,O,alignment
O,O,follows
O,O,the
O,O,shore
O,O,of
O,O,the
B-LOC,B-LOC,Gulf
I-LOC,O,of
I-LOC,B-LOC,Finland
O,O,He
O,O,was
O,O,born
O,O,in
B-LOC,B-LOC,County
I-LOC,I-LOC,Monaghan
O,O,in
O,O,1890
O,O,In
O,O,1940
O,O,","
O,O,the
B-MISC,B-MISC,Romanian
O,O,authorities
O,O,cede
O,O,the
O,O,territory
O,O,to
O,O,the
I-MISC,O,Soviets
O,O,""""
O,B-PER,Hong
O,I-PER,dou
O,O,tang
O,O,""""
O,O,(
O,O,紅豆汤
O,O,","
O,O,pinyin
O,O,:
O,I-MISC,hóng
O,I-MISC,dòu
O,I-MISC,tāng
O,O,)
O,O,or
O,O,""""
O,O,red
O,O,bean
O,O,soup
O,O,""""
O,O,is
O,O,a
O,O,popular
O,B-MISC,Chinese
O,O,dish
O,O,served
O,O,in
B-LOC,B-LOC,Mainland
I-LOC,B-LOC,China
O,O,","
B-LOC,B-LOC,Hong
I-LOC,I-LOC,Kong
O,O,","
O,O,and
B-LOC,B-LOC,Taiwan
O,O,He
O,O,is
O,O,buried
O,O,in
O,O,the
B-LOC,B-LOC,Mount
I-LOC,O,of
I-LOC,O,Olives
I-LOC,I-LOC,Jewish
I-LOC,I-LOC,Cemetery
O,I-MISC,in
B-LOC,O,Jerusalem
O,O,","
O,O,next
O,O,to
O,O,his
O,O,mother
O,O,","
O,O,sister
O,O,","
O,O,brother
O,O,","
O,O,brother-in-law
O,O,and
O,O,uncle
O,O,This
O,O,animated
O,O,cartoon
O,O,was
O,O,credited
O,O,as
O,O,being
O,O,a
B-PER,B-PER,Jack
I-PER,I-PER,Wrather
O,O,production
O,O,","
O,O,and
O,O,it
O,O,provided
O,O,the
O,O,first
O,O,exposure
O,O,many
O,O,1960
O,O,s
O,O,children
O,O,had
O,O,to
O,O,the
O,O,characters
O,O,The
O,O,distinction
O,O,and
O,O,border
O,O,between
O,O,the
B-MISC,B-MISC,Czech
O,O,lands
O,O,is
O,O,also
O,O,preserved
O,O,in
O,O,local
O,O,dialects
O,O,It
O,O,is
O,O,a
O,O,2-lane
O,O,road
O,O,with
O,O,4-lane
O,O,sections
O,O,in
B-LOC,B-LOC,Winchester
O,O,After
O,O,a
O,O,painting
O,O,was
O,O,completed
B-PER,O,Hindenburg
O,O,would
O,O,periodically
O,O,check
O,O,on
O,O,how
O,O,many
O,O,printed
O,O,reproductions
O,O,had
O,O,been
O,O,sold
O,O,The
O,O,series
O,O,ran
O,O,for
O,O,four
O,O,seasons
O,O,(
O,O,the
O,O,final
O,O,season
O,O,airing
O,O,on
B-ORG,B-ORG,Fox
O,O,)
O,O,","
O,O,lasting
O,O,from
O,O,September
O,O,9
O,O,","
O,O,1989
O,O,to
O,O,December
O,O,6
O,O,","
O,O,1991
O,O,This
O,O,first
B-LOC,B-LOC,Madison
I-LOC,I-LOC,Square
I-LOC,I-LOC,Garden
O,O,tournament
O,O,helped
O,O,to
O,O,elevate
O,O,the
O,O,popularity
O,O,of
O,O,college
O,O,basketball
O,O,The
B-ORG,B-MISC,Eastern
I-ORG,I-ORG,Mediterranean
I-ORG,I-ORG,University
O,O,is
O,O,also
O,O,an
O,O,important
O,O,employer
O,O,and
O,O,supplies
O,O,significant
O,O,income
O,O,and
O,O,activity
O,O,","
O,O,as
O,O,well
O,O,as
O,O,opportunities
O,O,for
O,O,the
O,O,construction
O,O,sector
O,O,Therefore
O,O,","
O,O,the
O,O,space
O,O,complexity
O,O,of
O,O,binary
O,O,search
O,O,is
O,O,in
O,O,the
B-MISC,O,Word
B-MISC,O,RAM
O,O,model
O,O,of
O,O,computation
O,O,Supposedly
O,O,three
O,O,tribal
O,O,elders
O,O,had
O,O,planned
O,O,to
O,O,meet
O,O,to
O,O,determine
O,O,the
O,O,location
O,O,of
O,O,the
B-MISC,B-PER,Cherokee
I-MISC,I-PER,Nation
O,O,'s
O,O,permanent
O,O,capital
O,O,Watershed
O,O,analysis
O,O,of
O,O,modern
O,O,topographic
O,O,mapping
O,O,not
O,O,only
O,O,places
O,O,the
O,O,main
O,O,summit
O,O,on
O,O,the
O,O,border
O,O,","
O,O,but
O,O,also
O,O,suggests
O,O,that
O,O,the
O,O,border
O,O,should
O,O,follow
O,O,a
O,O,line
O,O,northwards
O,O,from
O,O,the
O,O,main
O,O,summit
O,O,towards
B-LOC,O,Mont
I-LOC,O,Maudit
O,O,","
O,O,leaving
O,O,the
O,O,southeast
O,O,ridge
O,O,to
B-LOC,O,Mont
I-LOC,B-PER,Blanc
I-LOC,I-PER,de
I-LOC,O,Courmayeur
O,O,wholly
O,O,within
B-LOC,B-LOC,Italy
O,O,He
O,O,was
O,O,regarded
O,O,as
O,O,one
O,O,of
O,O,the
O,O,best
O,O,players
O,O,the
O,O,country
O,O,ever
O,O,produced
O,O,","
O,O,alongside
B-PER,O,Dário
O,O,and
B-PER,O,Tico-Tico
O,O,Its
O,O,$
O,O,44.5
O,O,million
O,O,annual
O,O,operating
O,O,budget
O,O,is
O,O,supported
O,O,by
O,O,earned
O,O,revenue
O,O,","
O,O,philanthropic
O,O,support
O,O,","
O,O,and
O,O,a
O,O,tri-county
O,O,(
B-LOC,O,Macomb
O,O,","
B-LOC,B-ORG,Oakland
O,O,","
O,O,and
B-LOC,B-PER,Wayne
O,O,)
O,O,millage
O,O,This
O,O,section
O,O,covers
O,O,some
O,O,additional
O,O,formula
O,O,for
O,O,evaluating
O,O,depth
O,O,of
O,O,field
O,O,;
O,O,however
O,O,they
O,O,are
O,O,all
O,O,subject
O,O,to
O,O,significant
O,O,simplifying
O,O,assumptions
O,O,:
O,O,for
O,O,example
O,O,","
O,O,they
O,O,assume
O,O,paraxial
O,O,(
B-PER,B-PER,Gaussian
O,O,)
O,O,The
O,O,amount
O,O,of
O,O,money
O,O,contained
O,O,in
O,O,the
O,O,envelope
O,O,usually
O,O,ends
O,O,with
O,O,an
O,O,even
O,O,digit
O,O,","
O,O,in
O,O,accordance
O,O,with
B-MISC,B-MISC,Chinese
O,O,beliefs
O,O,;
O,O,odd-numbered
O,O,money
O,O,gifts
O,O,are
O,O,traditionally
O,O,associated
O,O,with
O,O,funerals
O,O,It
O,O,was
O,O,not
O,O,applied
O,O,at
O,O,all
O,O,in
B-LOC,B-LOC,sub-Saharan
I-LOC,I-LOC,Africa
O,O,due
O,O,to
O,O,these
O,O,perceived
O,O,difficulties
O,O,After
O,O,the
O,O,war
O,O,","
O,O,he
O,O,resumed
O,O,appearing
O,O,in
O,O,leading
O,O,roles
O,O,","
O,O,including
O,O,1947
O,O,'s
O,O,""""
B-MISC,O,Smash-Up
I-MISC,O,","
I-MISC,O,the
I-MISC,O,Story
I-MISC,O,of
I-MISC,O,a
I-MISC,I-MISC,Woman
O,O,""""
O,O,","
O,O,opposite
B-PER,B-PER,Susan
I-PER,I-PER,Hayward
O,O,Former
O,O,health
O,O,minister
O,O,","
B-PER,B-PER,John
I-PER,I-PER,Dunwoody
O,O,","
O,O,became
O,O,its
O,O,first
O,O,director
B-PER,B-PER,Peter
I-PER,I-PER,Longerich
O,O,estimated
O,O,that
O,O,a
O,O,quarter
O,O,of
O,O,the
O,O,detainees
O,O,were
O,O,thus
O,O,killed
O,O,The
O,O,series
O,O,is
O,O,the
O,O,oldest
O,O,and
O,O,most
O,O,iconic
O,O,rivalry
O,O,in
O,O,the
B-ORG,B-ORG,NFC
I-ORG,I-ORG,South
O,O,The
O,O,west
O,O,end
O,O,of
B-LOC,O,Melrose
I-LOC,O,Avenue
O,O,","
O,O,near
O,O,the
B-LOC,B-LOC,Pacific
I-LOC,I-LOC,Design
I-LOC,I-LOC,Center
O,O,","
O,O,is
O,O,especially
O,O,known
O,O,for
O,O,its
O,O,exclusive
O,O,furniture
O,O,He
O,O,initially
O,O,saw
B-PER,O,Ramakrishna
O,O,'s
O,O,ecstasies
O,O,and
O,O,visions
O,O,as
O,O,""""
O,O,mere
O,O,figments
O,O,of
O,O,imagination
O,O,""""
O,O,and
O,O,""""
O,O,hallucinations
O,O,""""
O,O,These
O,O,plans
O,O,have
O,O,been
O,O,overshadowed
O,O,by
O,O,the
B-LOC,O,High
I-LOC,I-MISC,Speed
I-LOC,O,2
O,O,proposal
O,O,Teams
O,O,included
B-ORG,B-ORG,Hesketh
I-ORG,I-ORG,Racing
O,O,and
B-ORG,I-ORG,RAM
I-ORG,I-ORG,Racing
O,O,In
O,O,July
O,O,1927
O,O,","
O,O,the
O,O,aging
O,O,former
O,O,heavyweight
O,O,champion
B-PER,B-PER,Jack
I-PER,I-PER,Dempsey
O,O,came
O,O,from
O,O,behind
O,O,to
O,O,defeat
O,O,heavily
O,O,favored
B-PER,B-PER,Jack
I-PER,I-PER,Sharkey
O,O,by
O,O,delivering
O,O,several
O,O,questionable
O,O,punches
O,O,that
O,O,were
O,O,deemed
O,O,illegal
O,O,It
O,O,initially
O,O,peaked
O,O,at
O,O,No.
O,O,31
O,O,on
O,O,the
O,O,""""
B-ORG,B-ORG,Billboard
I-ORG,I-ORG,""""
I-ORG,I-ORG,Hot
I-ORG,I-ORG,100
O,O,chart
O,O,dated
O,O,August
O,O,6
O,O,","
O,O,1977
O,O,and
O,O,had
O,O,fallen
O,O,to
O,O,No.
O,O,53
O,O,on
O,O,the
O,O,chart
O,O,for
O,O,the
O,O,week
O,O,ending
O,O,August
O,O,27
O,O,","
O,O,1977
O,O,It
O,O,crosses
O,O,the
B-LOC,B-LOC,River
I-LOC,O,Gwash
O,O,","
O,O,and
O,O,is
O,O,crossed
O,O,by
O,O,the
B-LOC,B-LOC,Hereward
I-LOC,I-LOC,Way
O,O,He
O,O,was
O,O,president
O,O,of
O,O,the
B-ORG,B-ORG,Aristotelian
I-ORG,I-ORG,Society
O,O,from
O,O,1951
O,O,to
O,O,1952
O,O,and
O,O,knighted
O,O,in
O,O,1970
O,O,The
O,O,economic
O,O,costs
O,O,of
O,O,the
O,O,war
O,O,were
O,O,high
O,O,in
O,O,some
O,O,of
O,O,the
O,O,southern
B-MISC,B-MISC,English
O,O,colonies
O,O,","
O,O,including
O,O,those
O,O,that
O,O,saw
O,O,little
O,O,military
O,O,activity
O,O,His
O,O,23
O,O,home
O,O,runs
O,O,led
O,O,all
B-ORG,B-ORG,National
I-ORG,I-ORG,League
O,O,third
O,O,basemen
O,O,in
O,O,1978
O,O,High
O,O,school
O,O,football
O,O,and
O,O,soccer
O,O,are
O,O,played
O,O,at
B-LOC,B-LOC,Wheeling
I-LOC,I-LOC,Island
I-LOC,I-LOC,Stadium
B-MISC,O,Hispanic
O,O,or
O,B-MISC,Latino
O,O,of
O,O,any
O,O,race
O,O,were
O,O,277
O,O,persons
O,O,(
O,O,8.2
O,O,%
O,O,)
O,O,The
O,O,city
O,O,grew
O,O,as
O,O,a
O,O,stop
O,O,for
O,O,steamboats
O,O,to
O,O,take
O,O,on
O,O,fresh
O,O,water
O,O,and
O,O,supplies
O,O,","
O,O,especially
O,O,after
O,O,steamboat
O,O,traffic
O,O,boomed
O,O,when
O,O,gold
O,O,was
O,O,discovered
O,O,in
O,O,the
B-LOC,B-LOC,Black
I-LOC,I-LOC,Hills
O,O,This
O,O,is
O,O,described
O,O,by
O,O,the
O,O,psychoanalyst
B-PER,B-PER,Jacques
I-PER,I-PER,Lacan
O,O,:
O,O,The
O,O,'
O,O,opacity
O,O,of
O,O,the
O,O,ejaculations
O,O,of
O,O,love
O,O,","
O,O,when
O,O,","
O,O,lacking
O,O,a
O,O,signifier
O,O,to
O,O,name
O,O,the
O,O,object
O,O,of
O,O,its
O,O,epithalamium
O,O,","
O,O,it
O,O,employs
O,O,the
O,O,crudest
O,O,trickery
O,O,of
O,O,the
O,O,imaginary
O,O,It
O,O,was
O,O,the
O,O,best-selling
B-MISC,B-MISC,Bollywood
O,O,soundtrack
O,O,of
O,O,the
O,O,2000
O,O,s
O,O,The
O,O,""""
B-MISC,O,Kyrie
O,O,""""
O,O,sequence
O,O,of
O,O,his
O,O,""""
B-MISC,O,Requiem
O,O,""""
O,O,is
O,O,heard
O,O,over
O,O,the
O,O,first
O,O,three
O,O,monolith
O,I-PER,encounters
O,O,Eventually
O,O,","
O,O,the
O,O,role
O,O,went
O,O,to
B-PER,O,Claudette
I-PER,O,Colbert
O,O,","
O,O,but
O,O,she
O,O,withdrew
O,O,after
O,O,an
O,O,injury
O,O,shortly
O,O,before
O,O,filming
O,O,began
O,O,The
B-MISC,O,Parthians
O,O,seem
O,O,to
O,O,have
O,O,exercised
O,O,only
O,O,loose
O,O,control
O,O,over
B-MISC,O,Assyria
O,O,","
O,O,and
O,O,between
O,O,the
O,O,mid
O,O,2nd
O,O,century
O,O,BC
O,O,and
O,O,4th
O,O,century
O,O,AD
O,O,a
O,O,number
O,O,of
B-MISC,O,Neo-Assyrian
O,O,states
O,O,arose
O,O,;
O,O,these
O,O,included
O,O,the
O,O,ancient
O,O,capital
O,O,of
B-LOC,O,Assur
O,O,itself
O,O,","
B-LOC,O,Adiabene
O,O,with
O,O,its
O,O,capital
O,O,of
B-LOC,O,Arbela
O,O,(
O,O,modern
B-LOC,O,Irbil
O,O,)
O,O,","
B-LOC,O,Beth
I-LOC,O,Nuhadra
O,O,with
O,O,its
O,O,capital
O,O,of
B-LOC,O,Nohadra
O,O,(
O,O,modern
B-LOC,O,Dohuk
O,O,)
O,O,","
B-LOC,O,Osroene
O,O,","
O,O,with
O,O,its
O,O,capitals
O,O,of
B-LOC,O,Edessa
O,O,and
B-LOC,O,Amid
O,O,(
O,O,modern
B-LOC,O,Sanliurfa
O,O,and
B-LOC,O,Diyarbakir
O,O,)
O,O,","
B-LOC,O,Hatra
O,O,","
O,O,and
O,O,""""
O,O,ܒܝܬܓܪܡܝ
O,O,""""
O,O,(
B-LOC,O,Beth
I-LOC,O,Garmai
O,O,)
O,O,with
O,O,its
O,O,capital
O,O,at
B-LOC,O,Arrapha
O,O,(
O,O,modern
B-LOC,O,Kirkuk
O,O,)
O,O,He
O,O,refused
O,O,to
O,O,give
O,O,a
O,O,post-match
O,O,interview
O,O,to
B-ORG,B-ORG,Sky
I-ORG,I-ORG,Sports
O,O,following
O,O,a
O,O,nine-month
O,O,dispute
O,O,with
O,O,the
O,O,company
O,O,over
O,O,a
O,O,broken
B-MISC,O,Skybox
O,O,However
O,O,","
O,O,from
O,O,1925
O,O,his
O,O,bowling
O,O,skill
O,O,declined
O,O,","
O,O,though
O,O,he
O,O,was
O,O,good
O,O,enough
O,O,as
O,O,a
O,O,batsman
O,O,for
B-LOC,B-LOC,England
O,O,selection
O,O,in
O,O,1926
O,O,","
O,O,and
O,O,he
O,O,remained
O,O,a
O,O,force
O,O,to
O,O,be
O,O,reckoned
O,O,with
O,O,in
O,O,county
O,O,cricket
O,O,into
O,O,the
O,O,1930
O,O,s
O,O,-
O,O,despite
O,O,a
O,O,major
O,O,injury
O,O,when
O,O,fielding
O,O,in
O,O,1928
O,O,He
O,O,was
O,O,a
O,O,squad
O,O,member
O,O,for
O,O,the
B-MISC,O,2003
I-MISC,O,CONCACAF
I-MISC,I-MISC,Gold
I-MISC,I-MISC,Cup
O,O,The
B-LOC,I-MISC,Computer
I-LOC,I-LOC,History
I-LOC,I-LOC,Museum
O,O,is
O,O,home
O,O,to
O,O,the
O,O,largest
O,O,and
O,O,most
O,O,significant
O,O,collection
O,O,of
O,O,computing
O,O,artifacts
O,O,in
O,O,the
O,O,world
O,O,She
O,O,was
O,O,the
O,O,first
O,O,in
O,O,this
O,O,role
O,O,to
O,O,have
O,O,a
O,O,postgraduate
O,O,degree
O,O,and
O,O,her
O,O,own
O,O,professional
O,O,career
O,O,up
O,O,to
O,O,the
O,O,time
O,O,of
O,O,entering
O,O,the
B-LOC,B-LOC,White
I-LOC,I-LOC,House
O,O,He
O,O,was
O,O,also
O,O,featured
O,O,in
B-PER,B-PER,Chaka
I-PER,I-PER,Khan
O,O,'s
O,O,cover
O,O,of
O,O,Prince
O,O,'s
O,O,""""
B-MISC,O,I
I-MISC,O,Feel
I-MISC,O,For
I-MISC,B-MISC,You
O,O,""""
O,O,","
O,O,alongside
B-PER,O,Melle
I-PER,B-PER,Mel
O,O,","
O,O,playing
O,O,his
O,O,signature
O,O,harmonica
O,O,In
B-LOC,B-LOC,Tanzania
O,O,","
O,O,it
O,O,is
O,O,estimated
O,O,that
O,O,a
O,O,safari
O,O,hunter
O,O,spends
O,O,fifty
O,O,to
O,O,one
O,O,hundred
O,O,times
O,O,that
O,O,of
O,O,the
O,O,average
O,O,ecotourist
O,O,attended
O,O,by
B-MISC,B-MISC,Inuit
O,O,representatives
O,O,from
B-LOC,B-LOC,Alaska
O,O,","
B-LOC,B-LOC,Canada
O,O,","
O,O,and
B-LOC,B-LOC,Greenland
O,O,She
O,O,endorsed
B-PER,B-PER,Donald
I-PER,I-PER,Trump
O,O,After
O,O,that
O,O,they
O,O,continue
O,O,jointly
O,O,as
B-LOC,O,Dieze
O,O,The
O,O,more
O,O,common
O,O,mammals
O,O,include
O,O,:
B-LOC,O,Dartmoor
O,O,ponies
O,O,","
O,O,rabbits
O,O,","
O,O,foxes
O,O,","
O,O,otters
O,O,","
O,O,badgers
O,O,","
O,O,grey
O,O,squirrels
O,O,","
O,O,weasels
O,O,","
O,O,stoats
O,O,","
O,O,hares
O,O,and
O,O,deer
O,O,Its
O,O,wildlife
O,O,includes
B-MISC,B-MISC,Persian
O,O,leopards
O,O,","
O,O,brown
O,O,bears
O,O,","
O,O,wolves
O,O,","
O,O,bison
O,O,","
O,O,marals
O,O,","
O,O,golden
O,O,eagles
O,O,and
O,O,hooded
O,I-PER,crows
O,O,The
O,O,trip
O,O,also
O,O,re-awakened
O,O,his
O,O,own
O,O,talent
O,O,for
O,O,music
O,O,(
O,O,which
O,O,was
O,O,nearly
O,O,equal
O,O,to
O,O,his
O,O,artistic
O,O,talent
O,O,)
O,O,","
O,O,and
O,O,which
O,O,found
O,O,visual
O,O,expression
O,O,in
O,O,his
O,O,early
O,O,masterpiece
O,O,""""
B-MISC,B-LOC,El
I-MISC,O,Jaleo
O,O,""""
O,O,(
O,O,1882
O,O,)
O,B-MISC,German
O,O,philosopher
B-PER,B-PER,Immanuel
I-PER,I-PER,Kant
O,O,devised
O,O,an
O,O,argument
O,O,from
O,O,morality
O,O,based
O,O,on
O,O,practical
O,O,reason
O,B-ORG,The
B-LOC,I-ORG,Jerusalem
O,O,campus
O,O,is
O,O,the
O,O,only
O,O,seminary
O,O,in
B-LOC,B-LOC,Israel
O,O,for
O,I-ORG,training
B-MISC,B-MISC,Reform
B-MISC,B-MISC,Jewish
O,O,clergy
B-LOC,B-LOC,Rwanda
O,O,","
B-LOC,O,Uganda
O,O,","
O,O,and
O,O,the
O,O,rebels
O,O,agreed
O,O,to
O,O,a
B-ORG,B-ORG,UN
O,O,pullout
O,O,plan
O,O,As
O,O,a
O,O,result
O,O,","
O,O,rookie
B-PER,B-PER,Brian
I-PER,I-PER,Boucher
O,O,began
O,O,playing
O,O,more
B-LOC,B-LOC,New
I-LOC,I-LOC,Caledonia
O,O,is
O,O,one
O,O,example
O,O,of
O,O,recent
O,O,obduction
O,O,In
O,O,1920
O,O,","
O,O,two
O,O,local
O,O,oilmen
O,O,invited
B-LOC,B-LOC,Chicago
O,O,aircraft
O,O,builder
B-PER,B-PER,Emil
I-PER,O,""""
I-PER,O,Matty
I-PER,O,""""
I-PER,B-PER,Laird
O,O,to
O,O,manufacture
O,O,his
O,O,designs
O,O,in
B-LOC,O,Wichita
O,O,","
O,O,leading
O,O,to
O,O,the
O,O,formation
O,O,of
O,O,the
B-ORG,O,Swallow
I-ORG,B-ORG,Airplane
I-ORG,I-ORG,Company
B-MISC,O,Kasumi
O,O,wins
O,O,the
O,O,first
O,O,DOA
O,O,tournament
O,O,","
O,O,however
O,O,the
O,O,strict
O,O,laws
O,O,of
O,O,ninja
O,O,society
O,O,prevent
B-PER,O,Kasumi
O,O,from
O,O,returning
O,O,to
O,O,her
O,O,village
O,O,","
O,O,and
O,O,she
O,O,becomes
O,O,a
O,O,hunted
O,O,fugitive
O,O,The
O,O,revolutionary
I-MISC,B-MISC,Russian
O,O,government
O,O,led
O,O,by
B-PER,B-PER,Alexander
I-PER,I-PER,Kerensky
O,O,remained
O,O,at
O,O,war
O,O,","
O,O,attacking
O,O,and
O,O,pushing
O,O,back
O,O,the
I-MISC,O,Austro-Hungarians
O,O,in
B-LOC,B-LOC,Galicia
O,O,on
O,O,1
O,O,July
O,O,She
O,O,renewed
O,O,her
O,O,desire
O,O,to
O,O,become
O,O,party
O,O,leader
O,O,but
O,O,said
O,O,she
O,O,would
O,O,for
O,O,the
O,O,present
O,O,remain
O,O,loyal
O,O,to
B-PER,O,Rutte
O,O,The
O,O,species
O,O,superficially
O,O,resembles
B-MISC,B-MISC,American
O,O,elm
O,O,(
O,O,""""
O,O,U.
O,O,americana
O,O,""""
O,O,)
O,O,","
O,O,but
O,O,is
O,O,more
O,O,closely
O,O,related
O,O,to
O,O,the
B-MISC,B-ORG,European
O,I-MISC,wych
O,I-MISC,elm
O,O,(
O,O,""""
O,O,U.
O,O,glabra
O,O,""""
O,O,)
O,O,","
O,O,which
O,O,has
O,O,a
O,O,very
O,O,similar
O,O,flower
O,O,structure
O,O,","
O,O,though
O,O,lacks
O,O,the
O,O,pubescence
O,O,over
O,O,the
O,O,seed
O,O,In
O,O,some
O,O,competitions
O,O,","
O,O,a
O,O,solid
O,O,rubber
O,O,discus
O,O,is
O,O,used
O,O,(
O,O,see
O,O,in
O,O,the
B-LOC,B-LOC,United
I-LOC,I-LOC,States
O,O,)
O,O,On
O,O,August
O,O,28
O,O,","
O,O,2007
O,O,","
O,O,he
O,O,was
O,O,claimed
O,O,off
O,O,waivers
O,O,by
O,O,the
B-ORG,B-ORG,Atlanta
I-ORG,I-ORG,Falcons
O,O,","
O,O,the
O,O,film
O,O,holds
O,O,an
O,O,approval
O,O,rating
O,O,of
O,O,83
O,O,%
O,O,on
B-MISC,B-MISC,Rotten
I-MISC,I-MISC,Tomatoes
O,O,","
O,O,based
O,O,on
O,O,75
O,O,reviews
O,O,","
O,O,with
O,O,an
O,O,average
O,O,rating
O,O,of
O,O,7.58
O,O,/
O,O,10
O,O,The
O,O,economy
O,O,","
O,O,which
O,O,had
O,O,been
O,O,through
O,O,two
O,O,recessions
O,O,in
O,O,three
O,O,years
O,O,and
O,O,was
O,O,in
O,O,one
O,O,when
B-PER,O,Kennedy
O,O,took
O,O,office
O,O,","
O,O,accelerated
O,O,notably
O,O,throughout
O,O,his
O,O,administration
O,O,At
O,O,the
O,O,end
O,O,of
O,O,the
O,O,joint
O,O,bypass
O,O,","
O,O,there
O,O,is
O,O,a
O,O,right
O,O,turn
O,O,for
O,O,the
B-ORG,B-MISC,British
I-ORG,I-MISC,Geological
I-ORG,I-MISC,Survey
O,I-LOC,Mountains
O,O,on
B-LOC,B-PER,Axel
I-LOC,I-PER,Heiberg
I-LOC,I-PER,Island
O,O,consist
O,O,mainly
O,O,of
O,O,long
O,O,ridges
O,O,of
O,O,folded
B-LOC,O,mid-Mesozoic
O,O,and
I-MISC,O,Palaeozoic
O,O,strata
O,O,with
O,O,minor
O,O,igneous
O,I-PER,intrusions
O,O,In
O,O,2004
O,O,","
O,O,an
O,O,unrelated
O,O,animated
O,O,series
O,O,titled
O,O,""""
B-MISC,O,The
B-MISC,B-MISC,Batman
O,O,""""
O,O,made
O,O,its
O,O,debut
O,O,with
B-PER,B-MISC,Rino
I-PER,I-MISC,Romano
O,I-MISC,voicing
B-PER,I-MISC,Batman
O,B-MISC,Spanish
O,O,painter
B-PER,B-PER,Diego
I-PER,I-PER,Velázquez
O,O,painted
O,O,a
O,O,portrait
O,O,of
O,O,an
O,O,elderly
O,O,lady
O,O,frying
O,O,eggs
O,O,in
O,O,1618
O,O,The
O,O,administrations
O,O,of
B-PER,O,Néstor
I-PER,O,Kirchner
O,O,and
B-PER,B-PER,Cristina
I-PER,I-PER,Fernández
I-PER,I-PER,de
I-PER,O,Kirchner
O,O,considered
O,O,him
O,O,a
O,O,political
O,O,rival
O,O,Both
B-MISC,O,BASICs
O,O,differed
O,O,from
O,O,other
O,O,dialects
O,O,on
O,O,different
O,O,platforms
O,O,","
O,O,in
O,O,that
O,O,they
O,O,allowed
O,O,the
O,O,easy
O,O,creation
O,O,of
O,O,fairly
O,O,demanding
O,O,multimedia
O,O,software
O,O,","
O,O,with
O,O,full
O,O,structured
O,O,code
O,O,and
O,O,many
O,O,high-level
O,O,functions
O,O,to
O,O,load
O,O,images
O,O,","
O,O,animations
O,O,","
O,O,sounds
O,O,and
O,O,display
O,O,them
O,O,in
O,O,various
O,O,ways
O,O,She
O,O,appears
O,O,in
O,O,several
O,O,television
O,O,films
O,O,for
B-ORG,B-ORG,Hallmark
I-ORG,I-ORG,Channel
B-LOC,B-LOC,Union
O,O,forces
O,O,under
O,O,Maj
B-ORG,O,CIBI
O,O,is
O,O,a
O,O,provider
O,O,of
O,O,information
O,O,and
O,O,intelligence
O,O,for
O,O,business
O,O,","
O,O,credit
O,O,and
O,O,individuals
O,O,However
O,O,","
O,O,it
O,O,differentiated
O,O,itself
O,O,from
O,O,""""
B-MISC,I-MISC,Virtua
I-MISC,I-MISC,Cop
O,O,""""
O,O,and
O,O,other
O,O,light
O,O,gun
O,O,shooters
O,O,with
O,O,its
O,O,ducking
O,O,mechanic
O,O,","
O,O,which
O,O,allows
O,O,players
O,O,to
O,O,reload
O,O,and
O,O,avoid
O,O,enemy
O,O,fire
O,O,In
O,O,1986
O,O,","
O,O,the
B-ORG,O,Metromedia
O,O,deal
O,O,was
O,O,completed
O,O,","
O,O,and
O,O,the
B-ORG,B-ORG,Fox
I-ORG,I-ORG,Broadcasting
I-ORG,I-ORG,Company
O,O,was
O,O,launched
O,O,Several
O,O,other
O,O,potential
O,O,leadership
O,O,contenders
O,O,","
O,O,such
O,O,as
B-PER,B-PER,Brian
I-PER,I-PER,Tobin
O,O,and
B-PER,B-PER,Allan
I-PER,O,Rock
O,O,","
O,O,declined
O,O,to
O,O,enter
O,O,the
O,O,contest
O,O,Malaria
O,O,cases
O,O,increased
O,O,in
B-LOC,B-LOC,South
I-LOC,I-LOC,America
O,O,after
O,O,countries
O,O,in
O,O,that
O,O,continent
O,O,stopped
O,O,using
O,O,DDT
B-LOC,B-LOC,Chicago
O,O,remained
O,O,his
O,O,home
O,O,until
O,O,1932
O,O,","
O,O,when
O,O,he
O,O,settled
O,O,in
B-LOC,B-ORG,New
I-LOC,I-LOC,York
I-LOC,I-LOC,City
O,O,In
O,O,December
O,O,2015
O,O,","
O,O,""""
B-MISC,B-MISC,Game
I-MISC,O,Informer
O,O,""""
O,O,the
O,O,game
O,O,as
O,O,the
O,O,third
O,O,best
O,O,game
O,O,in
O,O,the
O,O,""""
I-MISC,B-MISC,Assassin
I-MISC,I-MISC,'s
I-MISC,I-MISC,Creed
O,O,""""
O,O,series
O,O,to
O,O,date
O,O,By
O,O,1917
O,O,","
O,O,there
O,O,were
O,O,five
O,O,operating
O,O,refineries
O,O,in
B-LOC,O,Wichita
O,O,with
O,O,another
O,O,seven
O,O,built
O,O,in
O,O,the
O,O,1920
O,O,s
O,O,The
O,O,show
O,O,was
O,O,produced
O,O,by
B-PER,B-PER,Mark
I-PER,I-PER,Burnett
O,O,He
O,O,is
O,O,simply
O,O,""""
O,O,the
O,O,guise
O,O,in
O,O,which
O,O,the
B-ORG,B-ORG,Party
O,O,chooses
O,O,to
O,O,exhibit
O,O,itself
O,O,to
O,O,the
O,O,world
O,O,""""
O,O,since
O,O,the
O,O,emotions
O,O,of
O,O,love
O,O,","
O,O,fear
O,O,and
O,O,reverence
O,O,are
O,O,more
O,O,easily
O,O,focused
O,O,on
O,O,an
O,O,individual
O,O,(
O,O,if
O,O,only
O,O,a
O,O,face
O,O,on
O,O,the
O,O,hoardings
O,O,and
O,O,a
O,O,voice
O,O,on
O,O,the
O,O,telescreens
O,O,)
O,O,than
O,O,an
O,O,organisation
O,O,The
O,O,other
O,O,explanation
O,O,","
O,O,held
O,O,by
O,O,proponents
O,O,like
B-PER,B-PER,Stephen
I-PER,I-PER,Hawking
O,O,","
O,O,asserts
O,O,that
O,O,""""
O,O,time
O,O,""""
O,O,did
O,O,not
O,O,exist
O,O,when
O,O,it
O,O,emerged
O,O,along
O,O,with
O,O,the
O,O,universe
O,O,Seymouriamorphs
O,O,form
O,O,into
O,O,three
O,O,main
O,O,groups
O,O,","
I-MISC,O,Kotlassiidae
O,O,","
I-MISC,O,Discosauriscidae
O,O,","
O,O,and
I-MISC,O,Seymouriidae
O,O,","
O,O,a
O,O,group
O,O,that
O,O,includes
O,O,the
O,O,best
O,O,known
O,O,genus
O,O,","
O,O,""""
B-PER,O,Seymouria
O,O,""""
O,O,His
O,O,second
O,O,season
O,O,saw
O,O,him
O,O,go
O,O,one
O,O,better
O,O,when
O,O,he
O,O,won
O,O,the
O,O,domestic
O,O,treble
O,O,","
O,O,with
O,O,the
O,O,help
O,O,of
O,O,players
O,O,such
O,O,as
B-PER,B-PER,Ronald
I-PER,I-PER,de
I-PER,O,Boer
O,O,and
B-PER,B-PER,Barry
I-PER,I-PER,Ferguson
O,O,He
O,O,earned
O,O,the
O,O,captains
O,O,armband
O,O,from
B-PER,B-MISC,Luke
I-PER,O,Prosser
O,O,who
O,O,had
O,O,been
O,O,deputising
O,O,for
O,O,injured
O,O,club
O,O,captain
B-PER,B-PER,Chris
I-PER,I-PER,Barker
O,O,on
O,O,2
O,O,March
O,O,2013
O,O,His
O,O,contract
O,O,began
O,O,1
O,O,August
O,O,2005
O,O,","
O,O,and
O,O,one
O,O,of
O,O,his
O,O,first
O,O,recommendations
O,O,proved
O,O,to
O,O,be
O,O,very
O,O,effective
O,O,:
O,O,advising
O,O,the
O,O,club
O,O,to
O,O,hire
B-PER,O,Apertura
O,O,as
O,O,the
O,O,new
O,O,coach
O,O,Contrary
O,O,to
O,O,most
O,O,visual
O,O,media
O,O,depictions
O,O,","
O,O,and
O,O,acknowledged
O,O,by
O,O,developer
O,O,/
O,O,original
O,O,script
O,O,writer
B-PER,B-PER,Ron
I-PER,I-PER,Fortier
O,O,to
O,O,be
O,O,the
O,O,result
O,O,of
O,O,legal
O,O,complications
O,O,","
O,O,his
O,O,mask
O,O,covers
O,O,all
O,O,of
O,O,his
O,O,face
O,O,","
O,O,as
O,O,it
O,O,did
O,O,in
O,O,the
O,O,two
O,O,serials
O,O,from
B-ORG,B-ORG,Republic
I-ORG,I-ORG,Pictures
O,O,(
O,O,see
O,O,below
O,O,)
O,O,The
O,O,term
O,O,""""
O,O,possible
O,O,world
O,O,""""
O,O,goes
O,O,back
O,O,to
B-PER,B-PER,Leibniz
O,O,'s
O,O,theory
O,O,of
O,O,possible
O,O,worlds
O,O,","
O,O,used
O,O,to
O,O,analyse
O,O,necessity
O,O,","
O,O,possibility
O,O,","
O,O,and
O,O,similar
O,O,modal
O,O,notions
O,O,The
O,O,results
O,O,were
O,O,too
O,O,close
O,O,to
O,O,call
O,O,","
O,O,so
O,O,a
O,O,""""
O,O,tribunal
O,O,of
O,O,honor
O,O,""""
O,O,(
O,O,electoral
O,O,commission
O,O,)
O,O,was
O,O,constituted
O,O,","
O,O,and
B-PER,B-PER,Juan
I-PER,I-PER,Antonio
I-PER,I-PER,Ríos
O,O,was
O,O,finally
O,O,proclaimed
O,O,the
O,O,candidate
O,O,of
O,O,the
O,O,left-wing
O,O,coalition
O,O,The
O,O,band
O,O,spent
O,O,the
O,O,remainder
O,O,of
O,O,the
O,O,year
O,O,in
O,O,the
O,O,studio
O,O,","
O,O,recording
O,O,what
O,O,would
O,O,become
O,O,""""
B-MISC,O,Seventh
I-MISC,B-MISC,Star
O,O,""""
O,O,(
O,O,1986
O,O,)
O,O,In
O,O,other
O,O,cases
O,O,the
B-ORG,O,Dáil
I-ORG,O,Courts
O,O,proved
O,O,more
O,O,popular
O,O,because
O,O,of
O,O,the
O,O,speed
O,O,and
O,O,efficiency
O,O,of
O,O,their
O,O,functioning
O,O,","
O,O,compared
O,O,to
O,O,the
O,O,local
B-ORG,O,Assize
O,O,courts
O,O,This
O,O,project
O,O,was
O,O,overseen
O,O,by
B-PER,B-PER,Edward
I-PER,I-PER,Twining
O,O,He
O,O,was
O,O,replaced
O,O,by
B-PER,B-PER,Gerry
I-PER,I-PER,Gray
O,O,in
O,O,April
O,O,2010
O,O,Lyric
O,O,poetry
O,O,","
O,O,the
O,O,fourth
O,O,and
O,O,final
O,O,type
O,O,of
B-MISC,B-MISC,Greek
O,O,literature
O,O,","
O,O,was
O,O,excluded
O,O,by
B-PER,B-PER,Plato
O,O,as
O,O,a
O,O,non-mimetic
O,O,mode
O,O,In
O,O,March
O,O,2008
O,O,he
O,O,collected
O,O,a
B-MISC,B-ORG,Scottish
I-MISC,I-MISC,League
I-MISC,I-MISC,Cup
O,O,runners-up
O,O,medal
O,O,despite
O,O,being
O,O,an
O,O,unused
O,O,substitute
O,O,in
O,O,the
O,O,final
O,O,He
O,O,notified
O,O,Chancellor
B-PER,B-PER,Hans
I-PER,I-PER,Luther
O,O,that
O,O,he
O,O,would
O,O,replace
O,O,the
O,O,head
O,O,of
B-PER,O,Ebert
O,O,'s
O,O,presidential
O,O,staff
O,O,","
O,O,Dr
B-PER,B-PER,Otto
I-PER,I-PER,Meissner
O,O,","
O,O,with
O,O,his
O,O,own
O,O,man
O,O,","
O,O,because
O,O,the
O,O,cabinet
O,O,would
O,O,have
O,O,to
O,O,consent
O,O,The
O,O,series
O,O,reran
O,O,on
O,O,both
B-ORG,B-ORG,Disney
I-ORG,I-ORG,Channel
O,O,from
O,O,September
O,O,3
O,O,","
O,O,2002
O,O,to
O,O,September
O,O,2
O,O,","
O,O,2004
O,O,and
B-ORG,O,Toon
I-ORG,B-ORG,Disney
O,O,from
O,O,September
O,O,3
O,O,","
O,O,2002
O,O,to
O,O,September
O,O,5
O,O,","
O,O,2004
O,O,In
O,O,1975
O,O,","
O,O,he
O,O,played
O,O,harmonica
O,O,on
O,O,two
O,O,tracks
O,O,on
B-PER,B-PER,Billy
I-PER,I-PER,Preston
O,O,'s
O,O,album
O,O,""""
B-MISC,O,It
I-MISC,I-MISC,'s
I-MISC,I-MISC,My
I-MISC,I-MISC,Pleasure
O,O,""""
O,O,The
O,O,magazine
O,O,is
O,O,published
O,O,in
B-LOC,B-LOC,Cumbria
O,O,","
B-LOC,B-LOC,England
O,O,","
O,O,but
O,O,included
O,O,work
O,O,from
O,O,a
O,O,worldwide
O,O,network
O,O,of
O,O,contributors
O,O,and
O,O,subscribers
O,O,He
O,O,scored
O,O,15
O,O,goals
O,O,for
B-LOC,B-LOC,Mexico
O,O,between
O,O,1937
O,O,and
O,O,1956
O,O,On
O,O,April
O,O,13
O,O,","
O,O,1998
O,O,","
O,O,an
O,O,long
O,O,beam
O,O,fell
O,O,onto
O,O,a
O,O,seat
O,O,before
O,O,a
O,O,scheduled
O,O,game
O,O,causing
O,O,the
O,O,postponement
O,O,of
O,O,two
O,O,games
O,O,and
O,O,the
O,O,relocation
O,O,of
O,O,a
O,O,third
O,O,to
O,O,nearby
B-LOC,B-LOC,Shea
I-LOC,I-LOC,Stadium
O,O,while
O,O,the
O,O,stadium
O,O,was
O,O,inspected
O,O,The
B-LOC,B-LOC,Hays
I-LOC,I-LOC,County
I-LOC,O,Courthouse
O,O,","
O,O,which
O,O,sits
O,O,in
O,O,the
O,O,center
O,O,","
O,O,was
O,O,built
O,O,in
O,O,1908
O,O,It
O,O,is
O,O,located
O,O,on
O,O,the
O,O,northernmost
O,O,shores
O,O,of
B-LOC,B-LOC,Lake
I-LOC,O,Lanao
O,O,and
O,O,straddles
O,O,the
O,O,area
O,O,where
O,O,the
B-LOC,B-LOC,Agus
I-LOC,I-LOC,River
O,O,starts
O,O,There
O,O,","
O,O,he
O,O,was
O,O,rescued
O,O,by
O,O,a
O,O,dolphin
O,O,which
O,O,had
O,O,been
O,O,charmed
O,O,by
B-PER,O,Arion
O,O,'s
O,O,music
O,O,This
O,O,time
O,O,","
O,O,however
O,O,","
B-PER,O,Maradona
O,O,was
O,O,successful
O,O,with
O,O,his
O,O,effort
O,O,","
O,O,daringly
O,O,rolling
O,O,the
O,O,ball
O,O,into
O,O,the
O,O,net
O,O,with
O,O,an
O,O,almost
O,O,exact
O,O,replica
O,O,of
O,O,his
O,O,unsuccessful
O,O,kick
O,O,in
O,O,the
O,O,previous
O,O,round
O,O,He
O,O,decided
O,O,to
O,O,recruit
O,O,popular
O,O,soloists
O,O,and
O,O,found
B-PER,O,Nikolai
I-PER,O,Rubinstein
O,O,ready
O,O,to
O,O,help
O,O,The
O,O,wood
O,O,plank
B-LOC,I-MISC,Albany
I-LOC,I-LOC,Street
I-LOC,I-LOC,Bridge
O,O,was
O,O,dismantled
O,O,in
O,O,1848
O,O,and
O,O,reconstructed
O,O,in
O,O,1853
O,O,On
O,O,April
O,O,22
O,O,","
O,O,","
O,O,he
O,O,signed
O,O,a
O,O,minor
O,O,league
O,O,contract
O,O,with
O,O,the
B-ORG,B-ORG,Tampa
I-ORG,I-ORG,Bay
I-ORG,I-ORG,Rays
O,O,He
O,O,recorded
O,O,the
O,O,track
O,O,in
O,O,fifteen
O,O,minutes
O,O,at
O,O,his
O,O,home
O,O,studio
O,O,using
O,O,a
O,O,two-channel
B-ORG,O,Revox
O,O,deck
O,O,","
O,O,""""
O,O,away
O,O,from
O,O,all
O,O,the
O,O,arguments
O,O,and
O,O,politics
O,O,""""
O,O,that
O,O,came
O,O,with
O,O,making
O,O,the
O,O,album
O,O,He
O,O,was
O,O,the
O,O,first
O,O,black
O,O,person
O,O,to
O,O,have
O,O,his
O,O,ashes
O,O,placed
O,O,at
O,O,the
B-LOC,O,Pantheon
O,O,in
B-LOC,B-LOC,Paris
O,O,after
O,O,his
O,O,death
O,O,in
O,O,1944
O,O,They
O,O,used
O,O,a
O,O,drum
O,O,machine
O,O,for
O,O,their
O,O,earliest
O,O,recordings
O,O,and
O,O,performances
O,O,before
O,O,adding
O,O,drummer
B-PER,B-MISC,Mac
I-PER,O,McNeilly
O,O,after
O,O,recording
O,O,their
O,O,first
O,O,EP
O,O,""""
B-MISC,O,Pure
O,O,""""
O,O,Baháʼí
O,O,institutions
O,O,and
O,O,community
O,O,activities
O,O,have
O,O,been
O,O,illegal
O,O,under
B-MISC,B-MISC,Egyptian
O,O,law
O,O,since
O,O,1960
O,O,The
O,O,album
O,O,contains
O,O,the
O,O,extended
O,O,half-hour-long
O,O,""""
B-MISC,B-ORG,Mountain
I-MISC,I-ORG,Jam
O,O,","
O,O,""""
O,O,which
O,O,was
O,O,long
O,O,enough
O,O,to
O,O,take
O,O,up
O,O,two
O,O,full
O,O,sides
O,O,of
O,O,the
O,O,original
O,O,double-LP
B-LOC,B-LOC,Istanbul
O,O,became
O,O,the
O,O,center
O,O,of
O,O,Musavat-in-exile
O,O,in
O,O,the
O,O,1920
O,O,s
O,O,and
O,O,early
O,O,30
O,O,s
O,O,","
O,O,before
O,O,moving
O,O,to
B-LOC,O,Ankara
O,O,in
O,O,the
O,O,late
O,O,1940
O,O,s
O,O,As
O,O,a
B-ORG,O,Quaker
O,O,","
O,O,he
O,O,lived
O,O,a
O,O,modest
O,O,and
O,O,unassuming
O,O,personal
O,O,life
O,O,As
O,O,well
O,O,as
B-PER,B-PER,Rowan
I-PER,I-PER,Atkinson
O,O,and
B-PER,B-PER,Tony
I-PER,I-PER,Robinson
O,O,in
O,O,their
O,O,usual
O,O,roles
O,O,","
O,O,this
O,O,series
O,O,starred
B-PER,B-PER,Hugh
I-PER,I-PER,Laurie
O,O,as
O,O,the
O,O,Prince
O,O,Regent
O,O,","
O,O,and
B-PER,B-PER,Helen
I-PER,I-PER,Atkinson-Wood
O,O,as
O,O,Mrs.
B-PER,I-PER,Miggins
O,O,If
O,O,""""
O,O,c
O,O,""""
O,O,""""
O,O,=
O,O,""""
O,O,0
O,O,","
O,O,the
O,O,generator
O,O,is
O,O,often
O,O,called
O,O,a
O,O,""""
O,O,multiplicative
O,O,congruential
O,O,generator
O,O,""""
O,O,(
O,O,MCG
O,O,)
O,O,","
O,O,or
B-PER,O,Lehmer
O,I-PER,RNG
O,O,Despite
O,O,his
O,O,Oscar-nominated
O,O,performance
O,O,","
B-PER,B-PER,Harold
I-PER,I-PER,Russell
O,O,was
O,O,not
O,O,a
O,O,professional
O,O,actor
O,O,The
O,O,family
O,O,relocated
O,O,so
O,O,that
O,O,her
O,O,father
O,O,could
O,O,attend
O,O,the
B-ORG,B-LOC,London
I-ORG,I-ORG,Film
I-ORG,I-ORG,School
O,O,On
B-MISC,B-MISC,Metacritic
O,O,","
O,O,the
O,O,film
O,O,has
O,O,a
O,O,weighted
O,O,average
O,O,score
O,O,of
O,O,70
O,O,out
O,O,of
O,O,100
O,O,","
O,O,based
O,O,on
O,O,18
O,O,reviews
O,O,The
O,O,Endopterygota
O,O,are
O,O,distinguished
O,O,from
O,O,the
B-MISC,O,Exopterygota
O,O,by
O,O,the
O,O,way
O,O,in
O,O,which
O,O,their
O,O,wings
O,O,develop
O,O,The
O,O,following
O,O,season
O,O,","
O,O,he
O,O,signed
O,O,with
O,O,the
B-ORG,B-LOC,Seattle
I-ORG,O,Mariners
O,O,","
O,O,who
O,O,released
O,O,him
O,O,on
O,O,April
O,O,29
O,O,During
O,O,this
O,O,time
O,O,period
O,O,","
O,O,actors
O,O,such
O,O,as
B-PER,O,Shantaram
O,O,","
B-PER,O,Paidi
I-PER,O,Jairaj
O,O,","
O,O,and
B-PER,O,Motilal
O,O,have
O,O,made
O,O,their
O,O,mark
O,O,Having
O,O,returned
O,O,to
B-LOC,B-LOC,Vienna
O,O,","
O,O,he
O,O,treated
O,O,schizophrenic
O,O,patients
O,O,with
O,O,larger
O,O,doses
O,O,of
O,O,insulin
O,O,in
O,O,order
O,O,to
O,O,deliberately
O,O,produce
O,O,coma
O,O,and
O,O,sometimes
O,O,convulsions
O,O,It
O,O,was
O,O,built
O,O,for
O,O,the
B-MISC,B-MISC,1974
I-MISC,I-MISC,FIFA
I-MISC,I-MISC,World
I-MISC,I-MISC,Cup
O,O,and
O,O,also
O,O,hosted
O,O,some
O,O,matches
O,O,of
B-MISC,B-MISC,2006
I-MISC,I-MISC,FIFA
I-MISC,I-MISC,World
I-MISC,I-MISC,Cup
O,O,The
O,O,director
O,O,'s
O,O,cut
O,O,featured
O,O,new
O,O,cinemas
O,O,for
O,O,the
B-MISC,B-MISC,3DO
O,O,version
O,O,(
O,O,most
O,O,scenes
O,O,added
O,O,were
O,O,already
O,O,featured
O,O,in
O,O,the
B-MISC,B-MISC,Sega
I-MISC,I-MISC,Saturn
O,O,and
B-MISC,B-MISC,PlayStation
O,O,versions
O,O,)
O,O,","
O,O,an
O,O,insert
O,O,containing
O,O,the
O,O,game
O,O,'s
O,O,story
O,O,in
O,O,detail
O,O,","
O,O,and
B-PER,O,Kenji
I-PER,O,Eno
O,O,'s
O,O,soundtrack
O,O,In
O,O,May
O,O,2014
O,O,","
O,O,after
O,O,much
O,O,trouble
O,O,with
O,O,disease
O,O,and
O,O,stability
O,O,","
O,O,the
O,O,surface
O,O,was
O,O,removed
O,O,and
O,O,replaced
O,O,with
O,O,a
O,O,more
O,O,resilient
O,O,interwoven
O,O,sand
O,O,based
B-LOC,O,Desso
O,O,pitch
B-PER,B-MISC,Edna
I-PER,I-MISC,Best
O,I-MISC,","
B-PER,I-MISC,Rosemary
I-PER,I-MISC,DeCamp
O,O,","
O,O,and
B-PER,B-PER,Helen
I-PER,I-PER,Hayes
O,O,also
O,O,were
O,O,considered
O,O,When
B-PER,B-PER,David
I-PER,I-PER,Geffen
O,O,stopped
O,O,by
O,O,the
O,O,studio
O,O,for
O,O,a
O,O,preview
O,O,","
O,O,he
O,O,was
O,O,warned
O,O,that
O,O,it
O,O,was
O,O,a
O,O,work
O,O,in
O,O,progress
O,O,","
O,O,but
O,O,it
O,O,was
O,O,almost
O,O,done
O,O,It
O,O,has
O,O,a
O,O,nearly
O,O,cosmopolitan
O,O,distribution
O,O,","
O,O,but
O,O,is
O,O,concentrated
O,O,in
O,O,two
O,O,centers
O,O,of
O,O,diversity
O,O,","
O,O,one
O,O,in
B-LOC,B-LOC,Australia
O,O,","
O,O,the
O,O,other
O,O,in
O,O,western
B-LOC,B-LOC,North
I-LOC,I-LOC,America
O,O,It
O,O,is
O,O,also
O,O,possible
O,O,to
O,O,perform
O,O,this
O,O,technique
O,O,with
O,O,premultiplied
O,O,pixels
O,O,;
B-MISC,O,OpenGL
O,O,has
O,O,extensions
O,O,meant
O,O,for
O,O,this
O,O,operation
O,O,Following
O,O,his
O,O,graduation
O,O,in
O,O,1906
O,O,","
O,O,he
O,O,became
O,O,a
O,O,one-year
O,O,volunteer
O,O,in
O,O,the
B-MISC,B-MISC,Austro-Hungarian
O,O,army
O,O,The
O,O,taxation
O,O,rate
O,O,was
O,O,graduated
O,O,in
O,O,proportion
O,O,to
O,O,the
O,O,whiskey
O,O,proof
O,O,","
O,O,and
B-PER,B-LOC,Hamilton
O,O,intended
O,O,to
O,O,equalize
O,O,the
O,O,tax
O,O,burden
O,O,on
O,O,imported
O,O,spirits
O,O,with
O,O,imported
O,O,and
O,O,domestic
O,O,liquor
O,O,Additionally
O,O,","
O,O,in
O,O,the
O,O,4th
O,O,century
O,O,BC
B-PER,B-PER,Aristotle
O,O,made
O,O,critical
O,O,observations
O,O,of
O,O,the
O,O,slow
O,O,rate
O,O,of
O,O,geological
O,O,change
O,O,At
O,O,least
O,O,four
O,O,major
O,O,glacial
O,O,periods
O,O,covered
B-LOC,B-LOC,Ohio
O,O,in
O,O,ice
O,O,during
O,O,the
O,O,last
O,O,two
O,O,million
O,O,years
O,O,On
O,O,July
O,O,6
O,O,","
O,O,2007
O,O,","
O,O,he
O,O,agreed
O,O,a
O,O,5-year
O,O,deal
O,O,with
O,O,the
B-ORG,B-ORG,Chicago
I-ORG,I-ORG,Bulls
O,O,worth
O,O,a
O,O,reported
O,O,$
O,O,38
O,O,""""
O,O,million
O,O,When
O,O,the
O,O,book
O,O,was
O,O,republished
O,O,in
O,O,1957
O,O,he
O,O,added
O,O,a
O,O,preface
O,O,in
O,O,which
O,O,he
O,O,softened
O,O,some
O,O,of
O,O,his
O,O,criticisms
O,O,","
O,O,and
O,O,he
O,O,added
O,O,an
O,O,epilogue
O,O,in
O,O,which
O,O,he
O,O,attacked
O,O,the
O,O,religious
O,O,liberalism
O,O,of
B-PER,O,Reinhold
I-PER,O,Niebuhr
O,O,and
O,O,the
O,O,conservatism
O,O,of
B-PER,B-PER,Walter
I-PER,I-PER,Lippmann
O,O,""""
O,B-PER,Libertarian
O,I-PER,municipalism
O,O,""""
O,O,is
O,O,a
O,O,political
O,O,program
O,O,developed
O,O,by
O,O,libertarian
O,O,socialist
O,O,theorist
B-PER,B-PER,Murray
I-PER,I-PER,Bookchin
O,O,","
O,O,to
O,O,create
O,O,democratic
O,O,citizens
O,O,'
O,O,assemblies
O,O,in
O,O,towns
O,O,and
O,O,urban
O,O,neighborhoods
O,O,It
O,O,was
O,O,released
O,O,on
O,O,his
O,O,posthumous
O,O,album
O,O,""""
B-MISC,O,50
I-MISC,B-ORG,St.
I-MISC,I-ORG,Catherine
I-MISC,I-LOC,'s
I-MISC,I-LOC,Drive
O,O,""""
O,O,A
O,O,bridge
O,O,was
O,O,built
O,O,over
O,O,the
O,O,river
B-LOC,O,Nabalia
O,O,","
O,O,where
O,O,the
O,O,warring
O,O,parties
O,O,approached
O,O,each
O,O,other
O,O,on
O,O,both
O,O,sides
O,O,to
O,O,negotiate
O,O,peace
O,O,He
O,O,wrote
O,O,""""
B-MISC,O,Iznogoud
O,O,""""
O,O,with
B-PER,B-PER,Jean
I-PER,I-PER,Tabary
O,O,He
O,O,joined
O,O,the
B-ORG,B-ORG,Houston
I-ORG,I-ORG,Astros
O,O,for
O,O,spring
O,O,training
O,O,in
O,O,1994
O,O,and
O,O,was
O,O,projected
O,O,to
O,O,be
O,O,the
O,O,opening-day
O,O,right-fielder
O,O,","
O,O,but
O,O,injuries
O,O,prevented
O,O,him
O,O,from
O,O,making
O,O,the
O,O,team
O,O,Other
O,O,regulars
O,O,of
O,O,the
O,O,series
O,O,included
B-PER,O,Rick
I-PER,O,Overton
O,O,","
B-PER,B-PER,Paul
I-PER,I-PER,Feig
O,O,","
O,O,and
B-PER,B-PER,Alan
I-PER,I-PER,Ruck
O,O,Marinid
O,O,rulers
O,O,after
O,O,1420
O,O,came
O,O,under
O,O,the
O,O,control
O,O,of
O,O,the
B-PER,O,Wattasids
O,O,","
O,O,who
O,O,exercised
O,O,a
O,O,regency
O,O,as
B-PER,O,Abd
I-PER,I-MISC,al-Haqq
I-PER,I-MISC,II
O,O,became
O,O,Sultan
O,O,one
O,O,year
O,O,after
O,O,his
O,O,birth
O,O,He
O,O,netted
O,O,twice
O,O,from
O,O,28
B-MISC,B-MISC,Cypriot
I-MISC,I-MISC,First
I-MISC,I-MISC,Division
O,O,appearances
O,O,in
O,O,his
O,O,debut
O,O,campaign
O,O,","
O,O,but
O,O,had
O,O,the
O,O,intention
O,O,to
O,O,leave
O,O,after
O,O,his
O,O,contract
O,O,expired
O,O,due
O,O,to
O,O,financial
O,O,differences
O,O,","
O,O,eventually
O,O,changing
O,O,his
O,O,mind
O,O,and
O,O,also
O,O,becoming
O,O,captain
B-PER,O,Felipe
I-PER,O,Fernández-Armesto
O,O,(
O,O,2007
O,O,)
O,O,calls
O,O,the
O,O,authenticity
O,O,question
O,O,""""
O,O,inconclusive
O,O,""""
O,O,","
O,O,and
O,O,hypothesizes
O,O,that
O,O,the
O,O,first
O,O,voyage
O,O,was
O,O,probably
O,O,another
O,O,version
O,O,of
O,O,the
O,O,second
O,O,;
O,O,the
O,O,third
O,O,is
O,O,unassailable
O,O,","
O,O,and
O,O,the
O,O,fourth
O,O,is
O,O,probably
O,O,true
O,O,On
O,O,May
O,O,1
O,O,of
O,O,that
O,O,year
O,O,","
O,O,his
O,O,#
O,O,10
O,O,was
O,O,the
O,O,first
O,O,jersey
O,O,to
O,O,be
O,O,retired
O,O,in
O,O,the
O,O,rafters
O,I-ORG,of
B-LOC,B-PER,Cameron
I-LOC,I-LOC,Indoor
I-LOC,I-LOC,Stadium
O,O,","
O,O,and
O,O,it
O,O,remained
O,O,the
O,O,only
O,O,jersey
O,O,retired
O,O,by
O,O,the
O,O,school
O,O,until
O,O,1980
O,O,The
O,O,borders
O,O,and
O,O,boundaries
O,O,remained
O,O,uncertain
O,O,between
B-LOC,O,Acadia
O,O,and
B-LOC,B-LOC,New
I-LOC,I-LOC,England
O,O,despite
O,O,battles
O,O,along
O,O,the
O,O,border
O,O,throughout
B-MISC,O,King
I-MISC,B-PER,William
I-MISC,O,'s
I-MISC,I-MISC,War
